-- phpMyAdmin SQL Dump
-- version 5.2.1
-- https://www.phpmyadmin.net/
--
-- Servidor: 127.0.0.1
-- Tiempo de generación: 08-03-2025 a las 00:48:48
-- Versión del servidor: 10.4.32-MariaDB
-- Versión de PHP: 8.2.12

SET SQL_MODE = "NO_AUTO_VALUE_ON_ZERO";
START TRANSACTION;
SET time_zone = "+00:00";


/*!40101 SET @OLD_CHARACTER_SET_CLIENT=@@CHARACTER_SET_CLIENT */;
/*!40101 SET @OLD_CHARACTER_SET_RESULTS=@@CHARACTER_SET_RESULTS */;
/*!40101 SET @OLD_COLLATION_CONNECTION=@@COLLATION_CONNECTION */;
/*!40101 SET NAMES utf8mb4 */;

--
-- Base de datos: `inventario_wsl`
--

-- --------------------------------------------------------

--
-- Estructura de tabla para la tabla `categorias`
--

CREATE TABLE `categorias` (
  `id` int(11) NOT NULL,
  `categoria` text NOT NULL,
  `fecha` timestamp NOT NULL DEFAULT current_timestamp() ON UPDATE current_timestamp()
) ENGINE=InnoDB DEFAULT CHARSET=utf8 COLLATE=utf8_spanish_ci;

--
-- Volcado de datos para la tabla `categorias`
--

INSERT INTO `categorias` (`id`, `categoria`, `fecha`) VALUES
(1, 'Local', '2025-03-02 17:50:57'),
(2, 'Bodega 1', '2025-03-02 17:51:08'),
(3, 'Bodega 2', '2025-03-02 17:51:16');

-- --------------------------------------------------------

--
-- Estructura de tabla para la tabla `clientes`
--

CREATE TABLE `clientes` (
  `id` int(11) NOT NULL,
  `nombre` text NOT NULL,
  `documento` int(11) NOT NULL,
  `email` text NOT NULL,
  `telefono` text NOT NULL,
  `direccion` text NOT NULL,
  `fecha_nacimiento` date NOT NULL,
  `compras` int(11) NOT NULL,
  `ultima_compra` datetime NOT NULL,
  `fecha` timestamp NOT NULL DEFAULT current_timestamp() ON UPDATE current_timestamp()
) ENGINE=InnoDB DEFAULT CHARSET=utf8 COLLATE=utf8_spanish_ci;

-- --------------------------------------------------------

--
-- Estructura de tabla para la tabla `productos`
--

CREATE TABLE `productos` (
  `id` int(11) NOT NULL,
  `id_categoria` int(11) NOT NULL,
  `codigo` text NOT NULL,
  `descripcion` text NOT NULL,
  `imagen` text NOT NULL,
  `stock` int(11) NOT NULL,
  `precio_compra` float NOT NULL,
  `precio_venta` float NOT NULL,
  `ventas` int(11) NOT NULL,
  `fecha` timestamp NOT NULL DEFAULT current_timestamp() ON UPDATE current_timestamp()
) ENGINE=InnoDB DEFAULT CHARSET=utf8 COLLATE=utf8_spanish_ci;

--
-- Volcado de datos para la tabla `productos`
--

INSERT INTO `productos` (`id`, `id_categoria`, `codigo`, `descripcion`, `imagen`, `stock`, `precio_compra`, `precio_venta`, `ventas`, `fecha`) VALUES
(1, 1, 'A5VPT', 'Adaptador 5 Voltios para Tablet', 'vistas/img/productos/default/anonymous.png', 1, 10000, 0, 0, '2025-03-06 13:30:20'),
(2, 1, 'APCSHPL226', 'Adaptador para Carro Spartan Harvic PL226', 'vistas/img/productos/default/anonymous.png', 2, 10000, 0, 0, '2025-03-06 13:30:20'),
(3, 1, 'APCTC', 'Adaptador para Carro Tipo C', 'vistas/img/productos/default/anonymous.png', 3, 10000, 0, 0, '2025-03-06 13:30:20'),
(4, 1, 'APCCP04', 'Adaptador para Carros CP04', 'vistas/img/productos/default/anonymous.png', 1, 10000, 0, 0, '2025-03-06 13:30:20'),
(5, 1, 'APCCR582', 'Adaptador para Carros CR52', 'vistas/img/productos/default/anonymous.png', 2, 10000, 0, 0, '2025-03-06 13:30:20'),
(6, 1, 'A9V', 'Adaptadores 9 Voltios ', 'vistas/img/productos/default/anonymous.png', 2, 10000, 0, 0, '2025-03-06 13:30:20'),
(7, 1, 'ADAPTALEXA', 'Adaptadores Alexa', 'vistas/img/productos/default/anonymous.png', 3, 15000, 0, 0, '2025-03-06 13:30:20'),
(8, 1, 'ATS2112V', 'Adaptadores TS21 12 Voltios', 'vistas/img/productos/default/anonymous.png', 3, 15000, 0, 0, '2025-03-06 13:30:20'),
(9, 1, 'AAC', 'Adptadores a Corriente', 'vistas/img/productos/default/anonymous.png', 40, 5000, 0, 0, '2025-03-06 13:30:20'),
(10, 1, 'AB775', 'Afeitadora Brown 775', 'vistas/img/productos/default/anonymous.png', 1, 450000, 0, 0, '2025-03-06 13:30:20'),
(11, 1, 'AGGM7090', 'Afeitadora Geemy GM-7090', 'vistas/img/productos/default/anonymous.png', 4, 35000, 0, 0, '2025-03-06 13:30:20'),
(12, 1, 'AK2024', 'Afeitadora Kemei 2024', 'vistas/img/productos/default/anonymous.png', 2, 30000, 0, 0, '2025-03-06 13:30:20'),
(13, 1, 'APPQ226', 'Afeitadora Philips PQ226', 'vistas/img/productos/default/anonymous.png', 1, 50000, 0, 0, '2025-03-06 13:30:20'),
(14, 1, 'APPT921', 'Afeitadora Philips PT921', 'vistas/img/productos/default/anonymous.png', 1, 40000, 0, 0, '2025-03-06 13:30:20'),
(15, 1, 'APS1151', 'Afeitadora Philips S1151', 'vistas/img/productos/default/anonymous.png', 1, 120000, 0, 0, '2025-03-06 13:30:20'),
(16, 1, 'APS6600', 'Afeitadora Philips Shaver 6600', 'vistas/img/productos/default/anonymous.png', 1, 320000, 0, 0, '2025-03-06 13:30:20'),
(17, 1, 'AR1385', 'Afeitadora Remington 1385', 'vistas/img/productos/default/anonymous.png', 4, 110000, 0, 0, '2025-03-06 13:30:20'),
(18, 1, 'ABGR318', 'Afeitadora VGR 318', 'vistas/img/productos/default/anonymous.png', 2, 60000, 0, 0, '2025-03-06 13:30:20'),
(19, 1, 'AVGRV331', 'Afeitadora VGR V331', 'vistas/img/productos/default/anonymous.png', 5, 30000, 0, 0, '2025-03-06 13:30:20'),
(20, 1, 'AVGRV332', 'Afeitadora VGR V332', 'vistas/img/productos/default/anonymous.png', 3, 55000, 0, 1, '2025-03-07 22:43:31'),
(21, 1, 'AWM', 'Afeitadora Wahl Mini', 'vistas/img/productos/default/anonymous.png', 2, 100000, 0, 0, '2025-03-06 13:30:20'),
(22, 1, 'AWF802IN', 'Antena Wi-Fi 802 IN', 'vistas/img/productos/default/anonymous.png', 3, 10000, 0, 0, '2025-03-06 13:30:20'),
(23, 1, 'ADAM', 'Antenas de AM', 'vistas/img/productos/default/anonymous.png', 2, 5000, 0, 0, '2025-03-06 13:30:20'),
(24, 1, 'APRB', 'Antenas para Radio Baofeng', 'vistas/img/productos/default/anonymous.png', 5, 5000, 0, 0, '2025-03-06 13:30:20'),
(25, 1, 'ATDT', 'Antenas TDT', 'vistas/img/productos/default/anonymous.png', 2, 5000, 0, 0, '2025-03-06 13:30:20'),
(26, 1, 'ATDTDC', 'Antenas TDT de Caja', 'vistas/img/productos/default/anonymous.png', 40, 10000, 0, 0, '2025-03-06 13:30:20'),
(27, 1, 'AA', 'Artic Air', 'vistas/img/productos/default/anonymous.png', 3, 20000, 0, 0, '2025-03-06 13:30:20'),
(28, 1, 'APCARRO', 'Aspiradora para Carro', 'vistas/img/productos/default/anonymous.png', 4, 15000, 0, 0, '2025-03-06 13:30:20'),
(29, 1, 'A450JBLR', 'Audífonos 450 JBL Réplica ', 'vistas/img/productos/default/anonymous.png', 1, 15000, 0, 0, '2025-03-06 13:30:20'),
(30, 1, 'AACPANCENC', 'Audífonos AirPods con Pantalla ANC ENC', 'vistas/img/productos/default/anonymous.png', 5, 40000, 0, 2, '2025-03-07 23:31:36'),
(31, 1, 'AIPDI', 'Audífonos AirPods de Imán', 'vistas/img/productos/default/anonymous.png', 1, 70000, 0, 0, '2025-03-06 13:30:20'),
(32, 1, 'AAP2DAG', 'Audífonos AirPods Pro 2da Generación', 'vistas/img/productos/default/anonymous.png', 3, 45000, 0, 0, '2025-03-06 13:30:20'),
(33, 1, 'AAP200', 'Audífonos AP-200', 'vistas/img/productos/default/anonymous.png', 11, 25000, 0, 0, '2025-03-06 13:30:20'),
(34, 1, 'ABT', 'Audífonos Beats Tour', 'vistas/img/productos/default/anonymous.png', 1, 10000, 0, 0, '2025-03-06 13:30:20'),
(35, 1, 'ABH02', 'Audífonos BH-02', 'vistas/img/productos/default/anonymous.png', 1, 10000, 0, 0, '2025-03-06 13:30:20'),
(36, 1, 'ABDC650', 'Audífonos Bluetooth de Cable 650', 'vistas/img/productos/default/anonymous.png', 5, 15000, 0, 0, '2025-03-06 13:30:20'),
(37, 1, 'ABMSB1', 'Audífonos Bluetooth MSB-1', 'vistas/img/productos/default/anonymous.png', 1, 15000, 0, 0, '2025-03-06 13:30:20'),
(38, 1, 'AB700', 'Audífonos Bose 700', 'vistas/img/productos/default/anonymous.png', 2, 40000, 0, 0, '2025-03-06 13:30:20'),
(39, 1, 'ABRT40', 'Audífonos Bose Réplica T40', 'vistas/img/productos/default/anonymous.png', 1, 20000, 0, 0, '2025-03-06 13:30:20'),
(40, 1, 'ABSAB', 'Audífonos Bose Sports Air Buds', 'vistas/img/productos/default/anonymous.png', 1, 500000, 0, 0, '2025-03-06 13:30:20'),
(41, 1, 'ABBSE801', 'Audífonos Brightside BSE-801', 'vistas/img/productos/default/anonymous.png', 0, 10000, 0, 1, '2025-03-07 22:02:37'),
(42, 1, 'AB3L', 'Audífonos Buds 3 Lite', 'vistas/img/productos/default/anonymous.png', 11, 30000, 0, 0, '2025-03-06 13:30:20'),
(43, 1, 'ACCHX2', 'Audífonos Coby CHX-2', 'vistas/img/productos/default/anonymous.png', 1, 25000, 0, 0, '2025-03-06 13:30:20'),
(44, 1, 'ACOK69', 'Audífonos Conducción Osio K-69', 'vistas/img/productos/default/anonymous.png', 2, 20000, 0, 0, '2025-03-06 13:30:20'),
(45, 1, 'ADCOS9', 'Audífonos de Conducción Osea S9', 'vistas/img/productos/default/anonymous.png', 6, 30000, 0, 0, '2025-03-06 13:30:20'),
(46, 1, 'ADDASHP3500', 'Audífonos de Diadema AS HP3500', 'vistas/img/productos/default/anonymous.png', 3, 15000, 0, 0, '2025-03-06 13:30:20'),
(47, 1, 'ADDSSE5222', 'Audífonos de Diadema Shuer SE-5222', 'vistas/img/productos/default/anonymous.png', 2, 10000, 0, 2, '2025-03-07 22:32:56'),
(48, 1, 'ADN', 'Audífonos de Niño ', 'vistas/img/productos/default/anonymous.png', 11, 40000, 0, 0, '2025-03-06 13:30:20'),
(49, 1, 'ADDS401', 'Audífonos Desaurt DS401', 'vistas/img/productos/default/anonymous.png', 1, 25000, 0, 0, '2025-03-06 13:30:20'),
(50, 1, 'ADAPM', 'Audífonos Diadema AirPods Max', 'vistas/img/productos/default/anonymous.png', 5, 50000, 0, 0, '2025-03-06 13:30:20'),
(51, 1, 'ADBMDR950', 'Audífonos Diadema Bluetooth MDR-950', 'vistas/img/productos/default/anonymous.png', 1, 40000, 0, 0, '2025-03-06 13:30:20'),
(52, 1, 'ADQS63', 'Audífonos Diademas Q-S63', 'vistas/img/productos/default/anonymous.png', 1, 30000, 0, 0, '2025-03-06 13:30:20'),
(53, 1, 'AE6S', 'Audífonos E6S', 'vistas/img/productos/default/anonymous.png', 2, 20000, 0, 0, '2025-03-06 13:30:20'),
(54, 1, 'AF9', 'Audífonos F9', 'vistas/img/productos/default/anonymous.png', 5, 20000, 0, 0, '2025-03-07 21:50:35'),
(55, 1, 'AGC', 'Audífonos Gamer Camuflado', 'vistas/img/productos/default/anonymous.png', 1, 25000, 0, 0, '2025-03-06 13:30:20'),
(56, 1, 'AGIG20000P', 'Audífonos Gamer Inalámbrico G2000 Pro', 'vistas/img/productos/default/anonymous.png', 1, 100000, 0, 0, '2025-03-06 13:30:20'),
(57, 1, 'AGKUMCK4', 'Audífonos Gamer KUMC K-4', 'vistas/img/productos/default/anonymous.png', 1, 30000, 0, 0, '2025-03-06 13:30:20'),
(58, 1, 'AGRX200', 'Audífonos Gamer RX200', 'vistas/img/productos/default/anonymous.png', 6, 35000, 0, 0, '2025-03-06 13:30:20'),
(59, 1, 'AHPG2', 'Audífonos HP G2', 'vistas/img/productos/default/anonymous.png', 2, 80000, 0, 0, '2025-03-06 13:30:20'),
(60, 1, 'AHPPHU01', 'Audífonos HP PHU01', 'vistas/img/productos/default/anonymous.png', 5, 40000, 0, 0, '2025-03-06 13:30:20'),
(61, 1, 'AI12I7', 'Audífonos I12 I7', 'vistas/img/productos/default/anonymous.png', 8, 10000, 0, 0, '2025-03-06 13:30:20'),
(62, 1, 'AIWIMA16', 'Audífonos iWIN A16', 'vistas/img/productos/default/anonymous.png', 1, 5000, 0, 0, '2025-03-06 13:30:20'),
(63, 1, 'AJBLRIP54', 'Audífonos JBL Réplica IP54', 'vistas/img/productos/default/anonymous.png', 1, 35000, 0, 0, '2025-03-06 13:30:20'),
(64, 1, 'AJBLT110', 'Audífonos JBL Tune 110', 'vistas/img/productos/default/anonymous.png', 7, 25000, 0, 0, '2025-03-06 13:30:20'),
(65, 1, 'AJBLT520', 'Audífonos JBL Tune 520', 'vistas/img/productos/default/anonymous.png', 4, 145000, 0, 55, '2025-03-07 22:30:16'),
(66, 1, 'AJBLT500', 'Audífonos JBL Tunnes 500', 'vistas/img/productos/default/anonymous.png', 2, 90000, 0, 0, '2025-03-06 13:30:20'),
(67, 1, 'AJBLT670', 'Audífonos JBL Tunnes 670', 'vistas/img/productos/default/anonymous.png', 1, 330000, 0, 0, '2025-03-06 13:30:20'),
(68, 1, 'AJBLTF', 'Audífonos JBL Tunnes Flex', 'vistas/img/productos/default/anonymous.png', 3, 240000, 0, 0, '2025-03-06 13:30:20'),
(69, 1, 'AJBLWB', 'Audífonos JBL Wave Buds', 'vistas/img/productos/default/anonymous.png', 1, 160000, 0, 0, '2025-03-06 13:30:20'),
(70, 1, 'AJ', 'Audífonos Jedel ', 'vistas/img/productos/default/anonymous.png', 4, 10000, 0, 0, '2025-03-06 13:30:20'),
(71, 1, 'AKR8000', 'Audífonos KR 8000', 'vistas/img/productos/default/anonymous.png', 2, 10000, 0, 0, '2025-03-06 13:30:20'),
(72, 1, 'ALHT38', 'Audífonos Lenovo HT38', 'vistas/img/productos/default/anonymous.png', 6, 50000, 0, 0, '2025-03-07 21:49:23'),
(73, 1, 'ALLP40', 'Audífonos Lenovo LP40', 'vistas/img/productos/default/anonymous.png', 7, 30000, 0, 0, '2025-03-07 21:49:06'),
(74, 1, 'ALGHBCFL7', 'Audífonos LG HBC FL7', 'vistas/img/productos/default/anonymous.png', 1, 180000, 0, 0, '2025-03-06 13:30:20'),
(75, 1, 'ALGS740', 'Audífonos LG S740', 'vistas/img/productos/default/anonymous.png', 1, 10000, 0, 0, '2025-03-06 13:30:20'),
(76, 1, 'AM25', 'Audífonos M25', 'vistas/img/productos/default/anonymous.png', 19, 15000, 0, 1, '2025-03-07 23:41:29'),
(77, 1, 'AM30', 'Audífonos M30', 'vistas/img/productos/default/anonymous.png', 7, 30000, 0, 0, '2025-03-06 13:30:20'),
(78, 1, 'AMAB52', 'Audífonos MaxAl B52', 'vistas/img/productos/default/anonymous.png', 1, 50000, 0, 0, '2025-03-06 13:30:20'),
(79, 1, 'AMA', 'Audífonos Maxell Airlink', 'vistas/img/productos/default/anonymous.png', 2, 110000, 0, 1, '2025-03-07 23:27:32'),
(80, 1, 'AMDT', 'Audífonos Maxell de Topo', 'vistas/img/productos/default/anonymous.png', 1, 10000, 0, 0, '2025-03-06 13:30:20'),
(81, 1, 'AMEB', 'Audífonos Maxell Ead Buds', 'vistas/img/productos/default/anonymous.png', 1, 10000, 0, 0, '2025-03-06 13:30:20'),
(82, 1, 'AMTWSCDR', 'Audífonos Maxell TWS635 Cancelación de Ruido', 'vistas/img/productos/default/anonymous.png', 1, 30000, 0, 0, '2025-03-06 13:30:20'),
(83, 1, 'AMDRKB650', 'Audífonos MDR KB-650', 'vistas/img/productos/default/anonymous.png', 1, 25000, 0, 0, '2025-03-06 13:30:20'),
(84, 1, 'AMDRZX310AP', 'Audífonos MDR ZX 310 AP', 'vistas/img/productos/default/anonymous.png', 1, 50000, 0, 0, '2025-03-06 13:30:20'),
(85, 1, 'AM259', 'Audífonos Miniso 259', 'vistas/img/productos/default/anonymous.png', 1, 30000, 0, 0, '2025-03-06 13:30:20'),
(86, 1, 'AMKXEDC', 'Audífonos Monitor KZ EDC', 'vistas/img/productos/default/anonymous.png', 2, 30000, 0, 0, '2025-03-06 13:30:20'),
(87, 1, 'AMITA4', 'Audífonos Movisun ITA4', 'vistas/img/productos/default/anonymous.png', 1, 30000, 0, 0, '2025-03-06 13:30:20'),
(88, 1, 'AMTFM11', 'Audífonos MTF M-11', 'vistas/img/productos/default/anonymous.png', 1, 5000, 0, 0, '2025-03-06 13:30:20'),
(89, 1, 'AMYMK1688', 'Audífonos MYM K1688', 'vistas/img/productos/default/anonymous.png', 2, 27000, 0, 0, '2025-03-06 13:30:20'),
(90, 1, 'AMYMX6', 'Audífonos MYM X6', 'vistas/img/productos/default/anonymous.png', 3, 35000, 0, 0, '2025-03-06 13:30:20'),
(91, 1, 'AN2', 'Audífonos N2', 'vistas/img/productos/default/anonymous.png', 1, 5000, 0, 0, '2025-03-06 13:30:20'),
(92, 1, 'AN65', 'Audífonos N-65', 'vistas/img/productos/default/anonymous.png', 7, 20000, 0, 0, '2025-03-06 13:30:20'),
(93, 1, 'AODGAKZK23', 'Audífonos Oreja de Gato AKZ K23', 'vistas/img/productos/default/anonymous.png', 1, 40000, 0, 0, '2025-03-06 13:30:20'),
(94, 1, 'AODGAKZ02', 'Audífonos Oreja de Gato AKZ-02', 'vistas/img/productos/default/anonymous.png', 2, 35000, 0, 0, '2025-03-06 13:30:20'),
(95, 1, 'AODGBT028C', 'Audífonos Oreja de Gato BT028C', 'vistas/img/productos/default/anonymous.png', 21, 40000, 0, 0, '2025-03-06 13:30:20'),
(96, 1, 'AODGVIV23M', 'Audífonos Oreja de Gato VIV-23M', 'vistas/img/productos/default/anonymous.png', 76, 15000, 0, 0, '2025-03-06 13:30:20'),
(97, 1, 'AP47', 'Audífonos P47', 'vistas/img/productos/default/anonymous.png', 15, 15000, 0, 0, '2025-03-06 13:30:20'),
(98, 1, 'AP9', 'Audífonos P9', 'vistas/img/productos/default/anonymous.png', 10, 20000, 0, 0, '2025-03-06 13:30:20'),
(99, 1, 'APRPDJS400A', 'Audífonos Panasonic RPDJS400A', 'vistas/img/productos/default/anonymous.png', 1, 30000, 0, 0, '2025-03-06 13:30:20'),
(100, 1, 'APC', 'Audífonos para Celular', 'vistas/img/productos/default/anonymous.png', 22, 5000, 0, 0, '2025-03-06 13:30:20'),
(101, 1, 'AP1209', 'Audífonos Philips 1209', 'vistas/img/productos/default/anonymous.png', 1, 70000, 0, 0, '2025-03-06 13:30:20'),
(102, 1, 'APDC', 'Audífonos Philips de Cable', 'vistas/img/productos/default/anonymous.png', 10, 10000, 0, 0, '2025-03-06 13:30:20'),
(103, 1, 'APIH202', 'Audífonos Phillips Inalámbrico H202', 'vistas/img/productos/default/anonymous.png', 2, 100000, 0, 0, '2025-03-06 13:30:20'),
(104, 1, 'APMJ21', 'Audífonos Pioneer MJ-21', 'vistas/img/productos/default/anonymous.png', 1, 10000, 0, 0, '2025-03-06 13:30:20'),
(105, 1, 'APRO5', 'Audífonos Pro 5', 'vistas/img/productos/default/anonymous.png', 7, 20000, 0, 0, '2025-03-06 13:30:20'),
(106, 1, 'APA', 'Audífonos Pro Air', 'vistas/img/productos/default/anonymous.png', 2, 35000, 0, 0, '2025-03-06 13:30:20'),
(107, 1, 'APG', 'Audífonos Punning Gamer', 'vistas/img/productos/default/anonymous.png', 1, 25000, 0, 0, '2025-03-06 13:30:20'),
(108, 1, 'AQ8', 'Audífonos Q8', 'vistas/img/productos/default/anonymous.png', 2, 10000, 0, 0, '2025-03-06 13:30:20'),
(109, 1, 'ASR70R', 'Audífonos Samsung R70 Réplica', 'vistas/img/productos/default/anonymous.png', 1, 30000, 0, 0, '2025-03-06 13:30:20'),
(110, 1, 'ASS8', 'Audífonos Samsung S8', 'vistas/img/productos/default/anonymous.png', 1, 10000, 0, 0, '2025-03-06 13:30:20'),
(111, 1, 'ASMDRS40', 'Audífonos Sonic MDR-S40', 'vistas/img/productos/default/anonymous.png', 1, 10000, 0, 0, '2025-03-06 13:30:20'),
(112, 1, 'AS35', 'Audífonos Sony 35', 'vistas/img/productos/default/anonymous.png', 1, 25000, 0, 0, '2025-03-06 13:30:20'),
(113, 1, 'AS450', 'Audífonos Sony 450', 'vistas/img/productos/default/anonymous.png', 7, 15000, 0, 0, '2025-03-07 21:35:41'),
(114, 1, 'ASAQ81', 'Audífonos Sony AQ81', 'vistas/img/productos/default/anonymous.png', 1, 10000, 0, 0, '2025-03-06 13:30:20'),
(115, 1, 'ASC500', 'Audífonos Sony C500', 'vistas/img/productos/default/anonymous.png', 2, 150000, 0, 1, '2025-03-07 23:30:13'),
(116, 1, 'ASC510', 'Audífonos Sony C510', 'vistas/img/productos/default/anonymous.png', 1, 130000, 0, 0, '2025-03-06 13:30:20'),
(117, 1, 'ASDD', 'Audífonos Sony de Doblar ', 'vistas/img/productos/default/anonymous.png', 4, 5000, 0, 0, '2025-03-06 13:30:20'),
(118, 1, 'ASDX750', 'Audífonos Sony DX-750', 'vistas/img/productos/default/anonymous.png', 1, 10000, 0, 0, '2025-03-06 13:30:20'),
(119, 1, 'ASMDRX950', 'Audífonos Sony MDR X950', 'vistas/img/productos/default/anonymous.png', 2, 30000, 0, 0, '2025-03-06 13:30:20'),
(120, 1, 'ASMDRX750', 'Audífonos Sony MDRX-750', 'vistas/img/productos/default/anonymous.png', 1, 10000, 0, 0, '2025-03-06 13:30:20'),
(121, 1, 'ASRK33', 'Audífonos Sony Réplica K33', 'vistas/img/productos/default/anonymous.png', 4, 25000, 0, 0, '2025-03-06 13:30:20'),
(122, 1, 'ASS10N', 'Audífonos Sony S10 Nuevos', 'vistas/img/productos/default/anonymous.png', 1, 20000, 0, 0, '2025-03-06 13:30:20'),
(123, 1, 'ASWHCH520O', 'Audífonos Sony WHCH 520 Original', 'vistas/img/productos/default/anonymous.png', 5, 100000, 0, 1, '2025-03-07 23:38:17'),
(124, 1, 'ASWHCH520R', 'Audífonos Sony WHCH-520 Réplica ', 'vistas/img/productos/default/anonymous.png', 9, 25000, 0, 0, '2025-03-06 13:30:20'),
(125, 1, 'ASXB400', 'Audífonos Sony XB400', 'vistas/img/productos/default/anonymous.png', 0, 10000, 0, 1, '2025-03-07 22:12:58'),
(126, 1, 'ASXB50X180', 'Audífonos Sony XB50 y X180', 'vistas/img/productos/default/anonymous.png', 3, 10000, 0, 0, '2025-03-06 13:30:20'),
(127, 1, 'ASBS704', 'Audífonos Spartan BS-704', 'vistas/img/productos/default/anonymous.png', 2, 20000, 0, 0, '2025-03-06 13:30:20'),
(128, 1, 'ATIQ', 'Audífonos TIQ', 'vistas/img/productos/default/anonymous.png', 1, 25000, 0, 0, '2025-03-06 13:30:20'),
(129, 1, 'AUP', 'Audífonos Ultra Pods', 'vistas/img/productos/default/anonymous.png', 11, 15000, 0, 0, '2025-03-06 13:30:20'),
(130, 1, 'AV', 'Audífonos Vogue ', 'vistas/img/productos/default/anonymous.png', 20, 40000, 0, 0, '2025-03-06 13:30:20'),
(131, 1, 'AWHXB700', 'Audífonos WH-XB700', 'vistas/img/productos/default/anonymous.png', 1, 15000, 0, 0, '2025-03-06 13:30:20'),
(132, 1, 'AWIA450', 'Audífonos WIA 450', 'vistas/img/productos/default/anonymous.png', 1, 10000, 0, 0, '2025-03-06 13:30:20'),
(133, 1, 'AWITAG250', 'Audífonos WIT AG-250', 'vistas/img/productos/default/anonymous.png', 6, 20000, 0, 0, '2025-03-06 13:30:20'),
(134, 1, 'AXAD3', 'Audífonos Xioami Air Dots 3', 'vistas/img/productos/default/anonymous.png', 20, 20000, 0, 0, '2025-03-06 13:30:20'),
(135, 1, 'AXRB6L', 'Audífonos Xioami Redmi Buds 6 Lite', 'vistas/img/productos/default/anonymous.png', 0, 90000, 0, 1, '2025-03-07 23:47:35'),
(136, 1, 'BD32G', 'Banda Deportiva 32G', 'vistas/img/productos/default/anonymous.png', 1, 80000, 0, 0, '2025-03-06 13:30:20'),
(137, 1, 'BDGM4M5M6', 'Banda Deportiva Genérica M4 M5 M6', 'vistas/img/productos/default/anonymous.png', 6, 10000, 0, 0, '2025-03-06 13:30:20'),
(138, 1, 'BHB4', 'Bandas Huawei Band 4', 'vistas/img/productos/default/anonymous.png', 1, 80000, 0, 0, '2025-03-06 13:30:20'),
(139, 1, 'BW', 'Bandas Wearfit', 'vistas/img/productos/default/anonymous.png', 2, 20000, 0, 0, '2025-03-06 13:30:20'),
(140, 1, 'BXSBM5', 'Bandas Xioami Smart Banda M5', 'vistas/img/productos/default/anonymous.png', 7, 60000, 0, 0, '2025-03-06 13:30:20'),
(141, 1, 'BDSE5011G', 'Barra de Sonido E5011 Genérico', 'vistas/img/productos/default/anonymous.png', 9, 120000, 0, 0, '2025-03-06 13:30:20'),
(142, 1, 'BCM', 'Base de Computador Madera', 'vistas/img/productos/default/anonymous.png', 0, 30000, 0, 3, '2025-03-07 22:37:07'),
(143, 1, 'BEX4AAA', 'Batería Energizer X 4 AAA', 'vistas/img/productos/default/anonymous.png', 3, 15000, 0, 0, '2025-03-06 13:30:20'),
(144, 1, 'BI1100MAHX4', 'Batería Ironbat 1100 mAh x 4', 'vistas/img/productos/default/anonymous.png', 9, 15000, 0, 0, '2025-03-06 13:30:20'),
(145, 1, 'BIAA3600MAH', 'Batería Ironbat AA 3600 mAh ', 'vistas/img/productos/default/anonymous.png', 10, 10000, 0, 0, '2025-03-06 13:30:20'),
(146, 1, 'BP105', 'Bateria Panasonic 105', 'vistas/img/productos/default/anonymous.png', 4, 10000, 0, 0, '2025-03-06 13:30:20'),
(147, 1, 'BP305', 'Bateria Panasonic 305', 'vistas/img/productos/default/anonymous.png', 3, 5000, 0, 0, '2025-03-06 13:30:20'),
(148, 1, 'BPI', 'Batería para Iphone', 'vistas/img/productos/default/anonymous.png', 0, 20000, 0, 1, '2025-03-07 23:17:38'),
(149, 1, 'BPRB', 'Batería para Radio Baofeng', 'vistas/img/productos/default/anonymous.png', 1, 10000, 0, 0, '2025-03-06 13:30:20'),
(150, 1, 'BRSAA2700MAH', 'Batería Recargable Sony AA 2700 mAh ', 'vistas/img/productos/default/anonymous.png', 12, 10000, 0, 2, '2025-03-07 23:27:32'),
(151, 1, 'BSAAA', 'Batería Sony AAA ', 'vistas/img/productos/default/anonymous.png', 12, 1000, 0, 0, '2025-03-06 13:30:20'),
(152, 1, 'BMX4AA3000MAH', 'Baterías Maxuss x 4 AA 3000 mAh ', 'vistas/img/productos/default/anonymous.png', 2, 15000, 0, 0, '2025-03-06 13:30:20'),
(153, 1, 'BVAA', 'Baterías Varta AA', 'vistas/img/productos/default/anonymous.png', 7, 2000, 0, 0, '2025-03-06 13:30:20'),
(154, 1, 'BCF', 'Beauty Cepillo Facial', 'vistas/img/productos/default/anonymous.png', 1, 20000, 0, 0, '2025-03-06 13:30:20'),
(155, 1, 'BPPB', 'Bluetooth para Parlante Bose', 'vistas/img/productos/default/anonymous.png', 3, 35000, 0, 0, '2025-03-06 13:30:20'),
(156, 1, 'BTS800', 'Bluetooth TS800', 'vistas/img/productos/default/anonymous.png', 1, 20000, 0, 0, '2025-03-06 13:30:20'),
(157, 1, 'BAA60W', 'Bombillo Alexa Amazon 60W', 'vistas/img/productos/default/anonymous.png', 1, 30000, 0, 0, '2025-03-06 13:30:20'),
(158, 1, 'BB251', 'Bombillo Bengala 251', 'vistas/img/productos/default/anonymous.png', 1, 5000, 0, 0, '2025-03-06 13:30:20'),
(159, 1, 'BB252', 'Bombillo Bengala 252', 'vistas/img/productos/default/anonymous.png', 1, 10000, 0, 0, '2025-03-06 13:30:20'),
(160, 1, 'BRE27', 'Bombillo Recargable E-27', 'vistas/img/productos/default/anonymous.png', 21, 10000, 0, 0, '2025-03-06 13:30:20'),
(161, 1, 'BA9W', 'Bombillos Alexa 9W', 'vistas/img/productos/default/anonymous.png', 4, 15000, 0, 0, '2025-03-06 13:30:20'),
(162, 1, 'BANX3', 'Bombillos Alexa Next X3', 'vistas/img/productos/default/anonymous.png', 1, 30000, 0, 0, '2025-03-06 13:30:20'),
(163, 1, 'CGGTS1876', 'Cabina Greatnice GTS-1876', 'vistas/img/productos/default/anonymous.png', 17, 110000, 0, 0, '2025-03-06 13:30:20'),
(164, 1, 'CKTS157512P', 'Cabina KTS1575 12 pulgadas', 'vistas/img/productos/default/anonymous.png', 1, 15000, 0, 0, '2025-03-06 13:30:20'),
(165, 1, 'CS10PYXF2109', 'Cabina Seisa 10 Pulgadas YX-F2109', 'vistas/img/productos/default/anonymous.png', 1, 400000, 0, 0, '2025-03-06 13:30:20'),
(166, 1, 'CS15PYXF1314F1315', 'Cabina Seisa 15 Pulgadas YX-F1314 y F1315', 'vistas/img/productos/default/anonymous.png', 19, 260000, 0, 0, '2025-03-06 13:30:20'),
(167, 1, 'CSYXH6621', 'Cabina Seisa YX-H6621', 'vistas/img/productos/default/anonymous.png', 2, 100000, 0, 0, '2025-03-06 13:30:20'),
(168, 1, 'CSYXH8269', 'Cabina Seisa YX-H8269', 'vistas/img/productos/default/anonymous.png', 3, 210000, 0, 0, '2025-03-06 13:30:20'),
(169, 1, 'CSYXH8866', 'Cabina Seisa YX-H8866', 'vistas/img/productos/default/anonymous.png', 8, 210000, 0, 0, '2025-03-06 13:30:20'),
(170, 1, 'CDFO', 'Cables de Fibra Óptica', 'vistas/img/productos/default/anonymous.png', 2, 10000, 0, 0, '2025-03-06 13:30:20'),
(171, 1, 'CDTBGA', 'Cables de Tech BGA', 'vistas/img/productos/default/anonymous.png', 3, 10000, 0, 0, '2025-03-06 13:30:20'),
(172, 1, 'CHDMI', 'Cables HDMI', 'vistas/img/productos/default/anonymous.png', 7, 5000, 0, 0, '2025-03-06 13:30:20'),
(173, 1, 'CHDM4K', 'Cables HDMI 4K', 'vistas/img/productos/default/anonymous.png', 3, 15000, 0, 0, '2025-03-06 13:30:20'),
(174, 1, 'CJBL', 'Cables JBL', 'vistas/img/productos/default/anonymous.png', 2, 10000, 0, 0, '2025-03-06 13:30:20'),
(175, 1, 'CPCEL', 'Cables para Celular', 'vistas/img/productos/default/anonymous.png', 58, 5000, 0, 1, '2025-03-07 23:30:13'),
(176, 1, 'CABLESPI', 'Cables para iPhone', 'vistas/img/productos/default/anonymous.png', 16, 10000, 0, 0, '2025-03-06 13:30:20'),
(177, 1, 'CPII', 'Cables para Iphone Igoma', 'vistas/img/productos/default/anonymous.png', 4, 10000, 0, 0, '2025-03-06 13:30:20'),
(178, 1, 'CBA10', 'Cámara Bombillo A10', 'vistas/img/productos/default/anonymous.png', 1, 30000, 0, 0, '2025-03-06 13:30:20'),
(179, 1, 'CCPSYSCDC3', 'Cámara con Panel Solar y Sim Card DC3', 'vistas/img/productos/default/anonymous.png', 13, 140000, 0, 0, '2025-03-06 13:30:20'),
(180, 1, 'CDBRB380E27L', 'Cámara de Bombillo Robótica B380 E27L', 'vistas/img/productos/default/anonymous.png', 18, 50000, 0, 0, '2025-03-06 13:30:20'),
(181, 1, 'CDEIP6K6', 'Cámara de Exteriores IP6 K6', 'vistas/img/productos/default/anonymous.png', 1, 60000, 0, 0, '2025-03-06 13:30:20'),
(182, 1, 'CDERIP66', 'Cámara de Exteriores Robóticas IP66', 'vistas/img/productos/default/anonymous.png', 9, 60000, 0, 0, '2025-03-06 13:30:20'),
(183, 1, 'CDRWF', 'Cámara de Reloj Wi-Fi', 'vistas/img/productos/default/anonymous.png', 1, 40000, 0, 0, '2025-03-06 13:30:20'),
(184, 1, 'CEE', 'Cámara Esfero Espía', 'vistas/img/productos/default/anonymous.png', 3, 50000, 0, 0, '2025-03-06 13:30:20'),
(185, 1, 'CEB', 'Cámara Espía Botón', 'vistas/img/productos/default/anonymous.png', 4, 25000, 0, 1, '2025-03-07 23:37:12'),
(186, 1, 'CEDC', 'Cámara Espía de Cinta', 'vistas/img/productos/default/anonymous.png', 4, 80000, 0, 0, '2025-03-06 13:30:20'),
(187, 1, 'CEDT', 'Cámara Espía de Tornillo', 'vistas/img/productos/default/anonymous.png', 2, 25000, 0, 0, '2025-03-06 13:30:20'),
(188, 1, 'CEP', 'Cámara Espía Perchero', 'vistas/img/productos/default/anonymous.png', 1, 30000, 0, 0, '2025-03-06 13:30:20'),
(189, 1, 'CEWFA9', 'Cámara Espía Wi-Fi A9', 'vistas/img/productos/default/anonymous.png', 7, 15000, 0, 0, '2025-03-06 13:30:20'),
(190, 1, 'CI', 'Cámara Infantil', 'vistas/img/productos/default/anonymous.png', 13, 35000, 0, 0, '2025-03-06 13:30:20'),
(191, 1, 'CIPC380CPS', 'Cámara IPC380 con Panel Solar', 'vistas/img/productos/default/anonymous.png', 1, 120000, 0, 0, '2025-03-06 13:30:20'),
(192, 1, 'CLWBRIO500', 'Cámara Logitech Web BRIO 500', 'vistas/img/productos/default/anonymous.png', 2, 280000, 0, 0, '2025-03-06 13:30:20'),
(193, 1, 'CPWKXHNC800W', 'Cámara Panasonic Wi-Fi KX-HNC800W', 'vistas/img/productos/default/anonymous.png', 4, 50000, 0, 0, '2025-03-06 13:30:20'),
(194, 1, 'CPMS', 'Cámara para Moto Sports', 'vistas/img/productos/default/anonymous.png', 1, 50000, 0, 0, '2025-03-06 13:30:20'),
(195, 1, 'CPMWF', 'Cámara para Moto Wi-Fi', 'vistas/img/productos/default/anonymous.png', 1, 60000, 0, 0, '2025-03-06 13:30:20'),
(196, 1, 'CPTZCPTCVDL', 'Cámara PTZ con Panel True Color View Doble Lente', 'vistas/img/productos/default/anonymous.png', 3, 180000, 0, 0, '2025-03-06 13:30:20'),
(197, 1, 'CRWF', 'Cámara Redonda Wi-Fi', 'vistas/img/productos/default/anonymous.png', 2, 40000, 0, 0, '2025-03-06 13:30:20'),
(198, 1, 'CRPC1080P', 'Cámara Reversa para Carro 1080p', 'vistas/img/productos/default/anonymous.png', 1, 50000, 0, 0, '2025-03-06 13:30:20'),
(199, 1, 'CR3A', 'Cámara Robótica 3 Antenas', 'vistas/img/productos/default/anonymous.png', 9, 37000, 0, 3, '2025-03-07 23:05:28'),
(200, 1, 'CRMIPCV380LY09', 'Cámara Robótica Modelo IPC V380 LY09', 'vistas/img/productos/default/anonymous.png', 3, 90000, 0, 0, '2025-03-06 13:30:20'),
(201, 1, 'CRWFT101', 'Cámara Robótica Wi-Fi T101', 'vistas/img/productos/default/anonymous.png', 3, 90000, 0, 0, '2025-03-06 13:30:20'),
(202, 1, 'CSDP', 'Cámara Sports Doble Pantalla', 'vistas/img/productos/default/anonymous.png', 1, 120000, 0, 0, '2025-03-06 13:30:20'),
(203, 1, 'CSQ8', 'Cámara SQ8', 'vistas/img/productos/default/anonymous.png', 1, 30000, 0, 0, '2025-03-06 13:30:20'),
(204, 1, 'CVDBR794', 'Cámara Vivitar DBR794', 'vistas/img/productos/default/anonymous.png', 1, 120000, 0, 0, '2025-03-06 13:30:20'),
(205, 1, 'CWHD480P', 'Cámara Web HD 480p', 'vistas/img/productos/default/anonymous.png', 4, 15000, 0, 0, '2025-03-06 13:30:20'),
(206, 1, 'CWHD720P', 'Cámara Web HD 720p ', 'vistas/img/productos/default/anonymous.png', 25, 15000, 0, 0, '2025-03-06 13:30:20'),
(207, 1, 'CWSATX11', 'Cámara Web SAT X11', 'vistas/img/productos/default/anonymous.png', 1, 20000, 0, 0, '2025-03-06 13:30:20'),
(208, 1, 'CWF065', 'Cámara Wi-Fi 065', 'vistas/img/productos/default/anonymous.png', 2, 55000, 0, 0, '2025-03-06 13:30:20'),
(209, 1, 'CWF1080PC', 'Cámara Wi-Fi 1080p Cuadrada', 'vistas/img/productos/default/anonymous.png', 2, 70000, 0, 0, '2025-03-06 13:30:20'),
(210, 1, 'CWF5A', 'Cámara Wi-Fi 5 Antenas', 'vistas/img/productos/default/anonymous.png', 2, 40000, 0, 0, '2025-03-06 13:30:20'),
(211, 1, 'CWFM2', 'Cámara Wi-Fi Model 2', 'vistas/img/productos/default/anonymous.png', 2, 50000, 0, 0, '2025-03-06 13:30:20'),
(212, 1, 'CWFQ11', 'Cámara Wi-Fi Q11', 'vistas/img/productos/default/anonymous.png', 3, 40000, 0, 1, '2025-03-07 23:10:20'),
(213, 1, 'CWFZ2', 'Cámara Wi-Fi Z2', 'vistas/img/productos/default/anonymous.png', 1, 50000, 0, 0, '2025-03-06 13:30:20'),
(214, 1, 'C3E1IWL7', 'Cargador 3 en 1 Igoma WL7', 'vistas/img/productos/default/anonymous.png', 7, 35000, 0, 0, '2025-03-06 13:30:20'),
(215, 1, 'CDCR', 'Cargador de Carro Royer', 'vistas/img/productos/default/anonymous.png', 1, 10000, 0, 0, '2025-03-06 13:30:20'),
(216, 1, 'CDCTF', 'Cargador de Carros Tecno Fuerza', 'vistas/img/productos/default/anonymous.png', 1, 10000, 0, 0, '2025-03-06 13:30:20'),
(217, 1, 'CDCDGCH50', 'Cargador de Celular de Goma CH-50', 'vistas/img/productos/default/anonymous.png', 1, 10000, 0, 0, '2025-03-06 13:30:20'),
(218, 1, 'CDPM3000MAH', 'Cargador de Pilas Maxuss 3000 mAh', 'vistas/img/productos/default/anonymous.png', 1, 30000, 0, 0, '2025-03-06 13:30:20'),
(219, 1, 'CDPV', 'Cargador de Pilas Vivitar', 'vistas/img/productos/default/anonymous.png', 13, 10000, 0, 0, '2025-03-06 13:30:20'),
(220, 1, 'CIT', 'Cargador Inalámbrico Tech', 'vistas/img/productos/default/anonymous.png', 2, 5000, 0, 0, '2025-03-06 13:30:20'),
(221, 1, 'CPCRO', 'Cargador para Carro RI', 'vistas/img/productos/default/anonymous.png', 1, 10000, 0, 0, '2025-03-06 13:30:20'),
(222, 1, 'CSI', 'Cargador Samsung Inalámbrico', 'vistas/img/productos/default/anonymous.png', 2, 20000, 0, 0, '2025-03-06 13:30:20'),
(223, 1, 'CDPBYM1500MAH', 'Cargadores de Pila Beston y Maxuss 1500 mAh', 'vistas/img/productos/default/anonymous.png', 10, 25000, 0, 1, '2025-03-07 23:03:10'),
(224, 1, 'CDPI13600MAH', 'Cargadores de Pila Ironbat 3600 mAh', 'vistas/img/productos/default/anonymous.png', 0, 35000, 0, 2, '2025-03-07 23:24:42'),
(225, 1, 'CPC', 'Cargadores para Celular', 'vistas/img/productos/default/anonymous.png', 18, 5000, 0, 0, '2025-03-06 13:30:20'),
(226, 1, 'CARGADORESPI', 'Cargadores para Iphone', 'vistas/img/productos/default/anonymous.png', 11, 10000, 0, 0, '2025-03-06 13:30:20'),
(227, 1, 'CPSW', 'Cargadores para Smart Watch', 'vistas/img/productos/default/anonymous.png', 3, 10000, 0, 0, '2025-03-06 13:30:20'),
(228, 1, 'C5E1', 'Cepillo 5 en 1', 'vistas/img/productos/default/anonymous.png', 3, 40000, 0, 0, '2025-03-06 13:30:20'),
(229, 1, 'CAR5212', 'Cepillo Alizador Revlon 5212', 'vistas/img/productos/default/anonymous.png', 2, 130000, 0, 0, '2025-03-06 13:30:20'),
(230, 1, 'CSCIP', 'Cepillo Secador Conair Infiniti Pro', 'vistas/img/productos/default/anonymous.png', 1, 120000, 0, 0, '2025-03-06 13:30:20'),
(231, 1, 'CSG', 'Cepillo Secador Genérico ', 'vistas/img/productos/default/anonymous.png', 3, 30000, 0, 0, '2025-03-06 13:30:20'),
(232, 1, 'CSRWET22', 'Cepillo Secador Remintong WET-2', 'vistas/img/productos/default/anonymous.png', 2, 160000, 0, 0, '2025-03-06 13:30:20'),
(233, 1, 'CSRP', 'Cepillo Secador Revlon Plus', 'vistas/img/productos/default/anonymous.png', 2, 180000, 0, 0, '2025-03-06 13:30:20'),
(234, 1, 'C4K', 'Chromecast 4K', 'vistas/img/productos/default/anonymous.png', 1, 260000, 0, 1, '2025-03-07 23:47:35'),
(235, 1, 'CHD', 'Chromecast HD', 'vistas/img/productos/default/anonymous.png', 0, 220000, 0, 2, '2025-03-07 22:43:58'),
(236, 1, 'CK13RAYJ', 'Combo K13 Reloj, Audífonos y Juego', 'vistas/img/productos/default/anonymous.png', 1, 90000, 0, 0, '2025-03-06 13:30:20'),
(237, 1, 'CMX300', 'Compresores Mini X300', 'vistas/img/productos/default/anonymous.png', 2, 20000, 0, 0, '2025-03-06 13:30:20'),
(238, 1, 'CG', 'Control Gatillo', 'vistas/img/productos/default/anonymous.png', 1, 5000, 0, 0, '2025-03-06 13:30:20'),
(239, 1, 'CPONN', 'Control para Onn', 'vistas/img/productos/default/anonymous.png', 1, 40000, 0, 0, '2025-03-06 13:30:20'),
(240, 1, 'CPCJEP120', 'Controles para Computador Jertech EP120', 'vistas/img/productos/default/anonymous.png', 2, 20000, 0, 0, '2025-03-06 13:30:20'),
(241, 1, 'CBA', 'Convertidor Bluetooth Auxiliar', 'vistas/img/productos/default/anonymous.png', 1, 5000, 0, 0, '2025-03-06 13:30:20'),
(242, 1, 'CDHDMIP4', 'Convertidor de HDMI por 4', 'vistas/img/productos/default/anonymous.png', 1, 20000, 0, 0, '2025-03-06 13:30:20'),
(243, 1, 'CHDMIX3', 'Convertidor HDMI x 3', 'vistas/img/productos/default/anonymous.png', 1, 10000, 0, 0, '2025-03-06 13:30:20'),
(244, 1, 'CPCC7', 'Convertidor para Carro Cars7', 'vistas/img/productos/default/anonymous.png', 2, 10000, 0, 0, '2025-03-06 13:30:20'),
(245, 1, 'CPCFT110', 'Convertidor para Carro Fly T110', 'vistas/img/productos/default/anonymous.png', 7, 10000, 0, 0, '2025-03-06 13:30:20'),
(246, 1, 'CSOG', 'Convertidor Smart Onn Genérico', 'vistas/img/productos/default/anonymous.png', 1, 90000, 0, 0, '2025-03-06 13:30:20'),
(247, 1, 'CSS4K', 'Convertidor Smart Skyworth 4K', 'vistas/img/productos/default/anonymous.png', 0, 75000, 0, 14, '2025-03-07 23:41:29'),
(248, 1, 'CTVSF8K', 'Convertidor TV Stick Fly 8K', 'vistas/img/productos/default/anonymous.png', 5, 80000, 0, 1, '2025-03-07 23:41:29'),
(249, 1, 'CHDMIVGAYRSA', 'Convertidores HDMI VGA y RSA', 'vistas/img/productos/default/anonymous.png', 4, 15000, 0, 0, '2025-03-06 13:30:20'),
(250, 1, 'CHE', 'Cripestera Home Elements', 'vistas/img/productos/default/anonymous.png', 1, 40000, 0, 0, '2025-03-06 13:30:20'),
(251, 1, 'DDCBPBG5025', 'Depilador de Cuerpo Bodygroom Philips BG5025', 'vistas/img/productos/default/anonymous.png', 5, 90000, 0, 0, '2025-03-06 13:30:20'),
(252, 1, 'DSFJ0030', 'Diksman Sony FJ0030', 'vistas/img/productos/default/anonymous.png', 8, 40000, 0, 0, '2025-03-06 13:30:20'),
(253, 1, 'DDS4TB', 'Disco Duro Seagate 4TB', 'vistas/img/productos/default/anonymous.png', 1, 300000, 0, 0, '2025-03-06 13:30:20'),
(254, 1, 'DDT1TB', 'Disco Duro Toshiba 1TB', 'vistas/img/productos/default/anonymous.png', 2, 210000, 0, 1, '2025-03-07 22:37:24'),
(255, 1, 'DISBANK', 'Diskbank', 'vistas/img/productos/default/anonymous.png', 1, 30000, 0, 0, '2025-03-06 13:30:20'),
(256, 1, 'DH', 'Dron Hendee', 'vistas/img/productos/default/anonymous.png', 1, 40000, 0, 0, '2025-03-06 13:30:20'),
(257, 1, 'DXT8', 'Drones XT8', 'vistas/img/productos/default/anonymous.png', 2, 60000, 0, 0, '2025-03-06 13:30:20'),
(258, 1, 'DVD168', 'DVD 168', 'vistas/img/productos/default/anonymous.png', 2, 60000, 0, 1, '2025-03-07 23:21:26'),
(259, 1, 'DVDPU', 'DVD Portátil Usado', 'vistas/img/productos/default/anonymous.png', 1, 50000, 0, 0, '2025-03-06 13:30:20'),
(260, 1, 'EBPA', 'Estuche Bose para Audífonos', 'vistas/img/productos/default/anonymous.png', 1, 20000, 0, 0, '2025-03-06 13:30:20'),
(261, 1, 'EPPJBL', 'Estuche para Parlante JBL', 'vistas/img/productos/default/anonymous.png', 5, 35000, 0, 0, '2025-03-07 21:51:51'),
(262, 1, 'EDA', 'Estuches de AirPods', 'vistas/img/productos/default/anonymous.png', 2, 5000, 0, 0, '2025-03-06 13:30:20'),
(263, 1, 'EDCC', 'Estuches de Control Chromecast', 'vistas/img/productos/default/anonymous.png', 2, 10000, 0, 1, '2025-03-07 23:47:35'),
(264, 1, 'FDA', 'Filtro de Agua', 'vistas/img/productos/default/anonymous.png', 1, 5000, 0, 0, '2025-03-06 13:30:20'),
(265, 1, 'FSL', 'Fire Stick Lite', 'vistas/img/productos/default/anonymous.png', 1, 115000, 0, 0, '2025-03-06 13:30:20'),
(266, 1, 'FSR10K', 'Fire Stick Réplica 10K', 'vistas/img/productos/default/anonymous.png', 1, 90000, 0, 0, '2025-03-06 13:30:20'),
(267, 1, 'FTVS4K', 'Fire TV Stick 4K', 'vistas/img/productos/default/anonymous.png', 4, 140000, 0, 3, '2025-03-07 23:41:29'),
(268, 1, 'FTVSHD', 'FIRE TV Stick HD', 'vistas/img/productos/default/anonymous.png', 6, 120000, 0, 2, '2025-03-07 23:24:42'),
(269, 1, 'FD16GB', 'FlashDrive 16Gb', 'vistas/img/productos/default/anonymous.png', 1, 15000, 0, 0, '2025-03-06 13:30:20'),
(270, 1, 'FDC', 'Flawer de Cejas ', 'vistas/img/productos/default/anonymous.png', 2, 10000, 0, 0, '2025-03-06 13:30:20'),
(271, 1, 'GDRVVR2', 'Gafas de Realidad Virtual VR 2', 'vistas/img/productos/default/anonymous.png', 5, 20000, 0, 0, '2025-03-06 13:30:20'),
(272, 1, 'GSL', 'Game Stick Live ', 'vistas/img/productos/default/anonymous.png', 13, 45000, 0, 0, '2025-03-06 13:30:20'),
(273, 1, 'GTVS8K', 'Game TV Stick 8k', 'vistas/img/productos/default/anonymous.png', 4, 110000, 0, 3, '2025-03-07 23:47:59'),
(274, 1, 'GPX19', 'Gameplayer Plus X 19', 'vistas/img/productos/default/anonymous.png', 2, 110000, 0, 0, '2025-03-06 13:30:20'),
(275, 1, 'GG30A', 'Glucómetro G30A', 'vistas/img/productos/default/anonymous.png', 2, 50000, 0, 0, '2025-03-06 13:30:20'),
(276, 1, 'GPSGNPC', 'GPS Garmin Nubi para Carro', 'vistas/img/productos/default/anonymous.png', 1, 100000, 0, 0, '2025-03-06 13:30:20'),
(277, 1, 'GPSPCM', 'GPS para Carro Movistar', 'vistas/img/productos/default/anonymous.png', 1, 100000, 0, 0, '2025-03-06 13:30:20'),
(278, 1, 'GPAULC503', 'Grabadora Periodista Andowl ULC503', 'vistas/img/productos/default/anonymous.png', 2, 90000, 0, 0, '2025-03-06 13:30:20'),
(279, 1, 'GPDCU', 'Grabadora Periodista de Caset Usada', 'vistas/img/productos/default/anonymous.png', 2, 40000, 0, 0, '2025-03-06 13:30:20'),
(280, 1, 'GPDMCU', 'Grabadora Periodista de Micro Caset Usada', 'vistas/img/productos/default/anonymous.png', 1, 30000, 0, 0, '2025-03-06 13:30:20'),
(281, 1, 'GSPX40', 'Grabadora Sony PX40', 'vistas/img/productos/default/anonymous.png', 1, 160000, 0, 0, '2025-03-06 13:30:20'),
(282, 1, 'GTPPCCU', 'Grabadora Tipo Perdiosta Philips con Cámara Usadas', 'vistas/img/productos/default/anonymous.png', 1, 40000, 0, 0, '2025-03-06 13:30:20'),
(283, 1, 'GTPDD8GB', 'Grabadora Tipo Periodista Digital de 8GB', 'vistas/img/productos/default/anonymous.png', 3, 80000, 0, 1, '2025-03-07 22:42:40'),
(284, 1, 'GTPP620U', 'Grabadora Tipo Periodista P620 Usadas', 'vistas/img/productos/default/anonymous.png', 1, 30000, 0, 0, '2025-03-06 13:30:20'),
(285, 1, 'GTPSPX440', 'Grabadora Tipo Periodista Sony PX440', 'vistas/img/productos/default/anonymous.png', 1, 200000, 0, 0, '2025-03-06 13:30:20'),
(286, 1, 'GTPSU440', 'Grabadora Tipo Periodista Sony Usadas 440', 'vistas/img/productos/default/anonymous.png', 29, 35000, 0, 2, '2025-03-07 23:34:13'),
(287, 1, 'GTPZH1M', 'Grabadora Tipo Periodista Zoom H1M', 'vistas/img/productos/default/anonymous.png', 1, 200000, 0, 0, '2025-03-06 13:30:20'),
(288, 1, 'GZH1U', 'Grabadora Zoom H1 Usada', 'vistas/img/productos/default/anonymous.png', 1, 130000, 0, 0, '2025-03-06 13:30:20'),
(289, 1, 'GTPPU', 'Grabadoras Tipo Periodista Panasonic Usadas', 'vistas/img/productos/default/anonymous.png', 2, 40000, 0, 0, '2025-03-06 13:30:20'),
(290, 1, 'GE', 'Gramera Electronic', 'vistas/img/productos/default/anonymous.png', 2, 20000, 0, 0, '2025-03-06 13:30:20'),
(291, 1, 'IAX1', 'Interruptores Alexa X1', 'vistas/img/productos/default/anonymous.png', 8, 45000, 0, 6, '2025-03-07 23:43:11'),
(292, 1, 'IAX2', 'Interruptores Alexa X2', 'vistas/img/productos/default/anonymous.png', 8, 45000, 0, 1, '2025-03-07 23:43:11'),
(293, 1, 'IAX3', 'Interruptores Alexa X3', 'vistas/img/productos/default/anonymous.png', 3, 50000, 0, 7, '2025-03-07 23:36:03'),
(294, 1, 'JJQ603PM', 'Juqu JQ603 para Moto ', 'vistas/img/productos/default/anonymous.png', 1, 20000, 0, 0, '2025-03-06 13:30:20'),
(295, 1, 'LDCJAG', 'Lamparas de Camping JAG', 'vistas/img/productos/default/anonymous.png', 3, 10000, 0, 0, '2025-03-06 13:30:20'),
(296, 1, 'LPT', 'Lápiz para Tablet', 'vistas/img/productos/default/anonymous.png', 27, 2000, 0, 0, '2025-03-06 13:30:20'),
(297, 1, 'LDDVDSPC', 'Lector de DVD Samsung para Computador', 'vistas/img/productos/default/anonymous.png', 1, 50000, 0, 0, '2025-03-06 13:30:20'),
(298, 1, 'LDMMSD', 'Lectores de Memoria Micro SD', 'vistas/img/productos/default/anonymous.png', 19, 2000, 0, 0, '2025-03-06 13:30:20'),
(299, 1, 'LP', 'Licuadora Portátil', 'vistas/img/productos/default/anonymous.png', 2, 20000, 0, 0, '2025-03-06 13:30:20'),
(300, 1, 'LA', 'Linterna Acuática', 'vistas/img/productos/default/anonymous.png', 1, 15000, 0, 0, '2025-03-06 13:30:20'),
(301, 1, 'LDMBBG3017', 'Linterna de Minería Bengala BG-3017', 'vistas/img/productos/default/anonymous.png', 1, 15000, 0, 0, '2025-03-06 13:30:20'),
(302, 1, 'LL', 'Linterna Lobal', 'vistas/img/productos/default/anonymous.png', 19, 5000, 0, 0, '2025-03-06 13:30:20'),
(303, 1, 'LMSL098', 'Linterna Minera SL098', 'vistas/img/productos/default/anonymous.png', 1, 20000, 0, 0, '2025-03-06 13:30:20'),
(304, 1, 'LMXY501', 'Linterna Minera XY-501', 'vistas/img/productos/default/anonymous.png', 2, 20000, 0, 0, '2025-03-06 13:30:20'),
(305, 1, 'LPS1200L', 'Linterna Power Stick 1200 Lumens', 'vistas/img/productos/default/anonymous.png', 1, 20000, 0, 0, '2025-03-06 13:30:20'),
(306, 1, 'LYS', 'Linterna Yajia Solar', 'vistas/img/productos/default/anonymous.png', 63, 2000, 0, 0, '2025-03-06 13:30:20'),
(307, 1, 'LLRGB', 'Luces LED RGB', 'vistas/img/productos/default/anonymous.png', 1, 20000, 0, 0, '2025-03-06 13:30:20'),
(308, 1, 'LPC', 'Lupa para Celular', 'vistas/img/productos/default/anonymous.png', 13, 3000, 0, 0, '2025-03-06 13:30:20'),
(309, 1, 'MPG', 'Mancetas para Glucometro', 'vistas/img/productos/default/anonymous.png', 1, 25000, 0, 0, '2025-03-06 13:30:20'),
(310, 1, 'MLPC1', 'Manos Libres para C1', 'vistas/img/productos/default/anonymous.png', 28, 5000, 0, 3, '2025-03-07 23:43:11'),
(311, 1, 'M619U', 'Megáfono 619U', 'vistas/img/productos/default/anonymous.png', 2, 30000, 0, 0, '2025-03-06 13:30:20'),
(312, 1, 'ME32GB', 'Memoria Escandaloso 32Gb', 'vistas/img/productos/default/anonymous.png', 3, 20000, 0, 1, '2025-03-07 23:43:11'),
(313, 1, 'MMSDH128GB', 'Memoria Micro SD Harvic 128Gb ', 'vistas/img/productos/default/anonymous.png', 46, 25000, 0, 0, '2025-03-06 13:30:20'),
(314, 1, 'MMSDH16GB', 'Memoria Micro SD Harvic 16Gb ', 'vistas/img/productos/default/anonymous.png', 25, 10000, 0, 6, '2025-03-07 23:47:34'),
(315, 1, 'MMSDH32GB', 'Memoria Micro SD Harvic 32Gb ', 'vistas/img/productos/default/anonymous.png', 45, 13000, 0, 1, '2025-03-07 23:47:34'),
(316, 1, 'MMSDH64GB', 'Memoria Micro SD Harvic 64Gb ', 'vistas/img/productos/default/anonymous.png', 92, 18000, 0, 0, '2025-03-06 13:30:20'),
(317, 1, 'MMSDK128GB', 'Memoria Micro SD Kingston 128 GB', 'vistas/img/productos/default/anonymous.png', 3, 35000, 0, 0, '2025-03-06 13:30:20'),
(318, 1, 'MMSDK16GB', 'Memoria Micro SD Kingston 16Gb', 'vistas/img/productos/default/anonymous.png', 16, 14000, 0, 0, '2025-03-06 13:30:20'),
(319, 1, 'MMSDK32GB', 'Memoria Micro SD Kingston 32Gb', 'vistas/img/productos/default/anonymous.png', 2, 15000, 0, 0, '2025-03-06 13:30:20'),
(320, 1, 'MMSDK64GB', 'Memoria Micro SD Kingston 64Gb', 'vistas/img/productos/default/anonymous.png', 9, 20000, 0, 0, '2025-03-06 13:30:20'),
(321, 1, 'MMSDK8GB', 'Memoria Micro SD Kingston 8Gb ', 'vistas/img/productos/default/anonymous.png', 14, 5000, 0, 0, '2025-03-06 13:30:20'),
(322, 1, 'MMSDM32GB', 'Memoria Micro SD Maxell 32Gb', 'vistas/img/productos/default/anonymous.png', 1, 15000, 0, 0, '2025-03-06 13:30:20'),
(323, 1, 'MMSDS16GB', 'Memoria Micro SD SanDisk 16Gb', 'vistas/img/productos/default/anonymous.png', 3, 11000, 0, 0, '2025-03-06 13:30:20'),
(324, 1, 'MMSDS64GB', 'Memoria Micro SD SanDisk 64Gb', 'vistas/img/productos/default/anonymous.png', 7, 20000, 0, 0, '2025-03-06 13:30:20'),
(325, 1, 'MMSDS8GB', 'Memoria Micro SD SanDisk 8Gb', 'vistas/img/productos/default/anonymous.png', 2, 5000, 0, 0, '2025-03-06 13:30:20'),
(326, 1, 'MUSB256GBPC', 'Memoria USB 256GB para Celular', 'vistas/img/productos/default/anonymous.png', 2, 50000, 0, 0, '2025-03-06 13:30:20'),
(327, 1, 'MUSBH32GB', 'Memoria USB Harvic 32Gb', 'vistas/img/productos/default/anonymous.png', 49, 13000, 0, 0, '2025-03-06 13:30:20'),
(328, 1, 'MUSBH64GB', 'Memoria USB Harvic 64Gb', 'vistas/img/productos/default/anonymous.png', 49, 17000, 0, 0, '2025-03-06 13:30:20'),
(329, 1, 'MUSBK123GB', 'Memoria USB Kingston 128Gb', 'vistas/img/productos/default/anonymous.png', 1, 25000, 0, 1, '2025-03-07 23:48:19'),
(330, 1, 'MUSBK256GB', 'Memoria USB Kingston 256Gb', 'vistas/img/productos/default/anonymous.png', 1, 70000, 0, 0, '2025-03-06 13:30:20'),
(331, 1, 'MUSBK32GB', 'Memoria USB Kingston 32Gb', 'vistas/img/productos/default/anonymous.png', 1, 15000, 0, 0, '2025-03-06 13:30:20'),
(332, 1, 'MUSBK64GB', 'Memoria USB Kingston 64Gb', 'vistas/img/productos/default/anonymous.png', 37, 18000, 0, 0, '2025-03-06 13:30:20'),
(333, 1, 'MUSBK8GB', 'Memoria USB Kingston 8Gb', 'vistas/img/productos/default/anonymous.png', 3, 10000, 0, 0, '2025-03-06 13:30:20'),
(334, 1, 'MUSBM32GB', 'Memoria USB Maxell 32Gb', 'vistas/img/productos/default/anonymous.png', 5, 15000, 0, 0, '2025-03-06 13:30:20'),
(335, 1, 'MUSBOD32GB', 'Memoria USB One Digital 32Gb', 'vistas/img/productos/default/anonymous.png', 1, 15000, 0, 0, '2025-03-06 13:30:20'),
(336, 1, 'MUSBSD4GB', 'Memoria USB SanDisk 4Gb', 'vistas/img/productos/default/anonymous.png', 3, 8000, 0, 0, '2025-03-06 13:30:20'),
(337, 1, 'MUSBS16GB', 'Memoria USB Sony 16Gb', 'vistas/img/productos/default/anonymous.png', 2, 20000, 0, 0, '2025-03-06 13:30:20'),
(338, 1, 'MBMICV16U2', 'Micrófono B Mic V16U-2', 'vistas/img/productos/default/anonymous.png', 2, 40000, 0, 0, '2025-03-06 13:30:20'),
(339, 1, 'MDNB668', 'Micrófono de Niño B668', 'vistas/img/productos/default/anonymous.png', 1, 25000, 0, 0, '2025-03-06 13:30:20'),
(340, 1, 'MDX300I', 'Micrófono DX-300 Inalámbrico', 'vistas/img/productos/default/anonymous.png', 1, 40000, 0, 0, '2025-03-06 13:30:20'),
(341, 1, 'MIPDJ13', 'Micrófono Inalámbrico para Celular Duo J13', 'vistas/img/productos/default/anonymous.png', 6, 40000, 0, 0, '2025-03-06 13:30:20'),
(342, 1, 'MIWVNGRWG100', 'Micrófono Inalámbrico WVNGR WG100', 'vistas/img/productos/default/anonymous.png', 2, 40000, 0, 0, '2025-03-06 13:30:20'),
(343, 1, 'MLY100PN', 'Micrófono LY100 Para Niños', 'vistas/img/productos/default/anonymous.png', 25, 20000, 0, 0, '2025-03-06 13:30:20'),
(344, 1, 'MNIAAN706', 'Micrófono NIA AN706', 'vistas/img/productos/default/anonymous.png', 1, 30000, 0, 0, '2025-03-06 13:30:20'),
(345, 1, 'MNLMA300', 'Micrófono NK MA-300', 'vistas/img/productos/default/anonymous.png', 0, 10000, 0, 2, '2025-03-07 23:44:44'),
(346, 1, 'MNKMA353', 'Micrófono NK MA-353', 'vistas/img/productos/default/anonymous.png', 1, 10000, 0, 0, '2025-03-06 13:30:20'),
(347, 1, 'MPDNWS858', 'Micrófono Parlante de Niño WS858', 'vistas/img/productos/default/anonymous.png', 6, 20000, 0, 0, '2025-03-06 13:30:20'),
(348, 1, 'MPZX818', 'Micrófono Parlante ZX-818', 'vistas/img/productos/default/anonymous.png', 1, 25000, 0, 0, '2025-03-06 13:30:20'),
(349, 1, 'MSM58', 'Micrófono SM-58', 'vistas/img/productos/default/anonymous.png', 10, 40000, 0, 0, '2025-03-06 13:30:20'),
(350, 1, 'MTTD669', 'Micrófono TTD 669', 'vistas/img/productos/default/anonymous.png', 8, 35000, 0, 0, '2025-03-06 13:30:20'),
(351, 1, 'MWVNGR', 'Micrófono WVNGR', 'vistas/img/productos/default/anonymous.png', 1, 25000, 0, 0, '2025-03-06 13:30:20'),
(352, 1, 'MWVNGRWG196', 'Micrófono WVNGR WG196', 'vistas/img/productos/default/anonymous.png', 1, 40000, 0, 0, '2025-03-06 13:30:20'),
(353, 1, 'MITTDM09', 'Micrófonos Inalámbrico TTD M09', 'vistas/img/productos/default/anonymous.png', 8, 45000, 0, 0, '2025-03-06 13:30:20'),
(354, 1, 'MPCK35', 'Micrófonos para Celular K35', 'vistas/img/productos/default/anonymous.png', 5, 25000, 0, 0, '2025-03-06 13:30:20'),
(355, 1, 'MPCK8', 'Micrófonos para Celular K8', 'vistas/img/productos/default/anonymous.png', 2, 20000, 0, 2, '2025-03-07 23:44:44'),
(356, 1, 'MPCK9', 'Micrófonos para Celular K9', 'vistas/img/productos/default/anonymous.png', 3, 35000, 0, 0, '2025-03-07 21:36:23'),
(357, 1, 'MADL', 'Mini Aro de Luz', 'vistas/img/productos/default/anonymous.png', 1, 10000, 0, 0, '2025-03-06 13:30:20'),
(358, 1, 'MSPBWS887', 'Mini Speaker Parlante Bluetooth WS-887', 'vistas/img/productos/default/anonymous.png', 68, 10000, 0, 1, '2025-03-07 23:21:26'),
(359, 1, 'MPCCB2', 'Modulador para Carro CarB2', 'vistas/img/productos/default/anonymous.png', 3, 10000, 0, 0, '2025-03-06 13:30:20'),
(360, 1, 'MDCNM8300', 'Molino de Café NM-8300', 'vistas/img/productos/default/anonymous.png', 0, 15000, 0, 1, '2025-03-07 23:30:13'),
(361, 1, 'MONOPOP', 'Monopop', 'vistas/img/productos/default/anonymous.png', 20, 3000, 0, 0, '2025-03-06 13:30:20'),
(362, 1, 'MEA', 'Mouse Ergonómico Alámbrico', 'vistas/img/productos/default/anonymous.png', 6, 15000, 0, 1, '2025-03-07 23:16:05'),
(363, 1, 'MEI005566', 'Mouse Ergonómico Inalámbrico 005566', 'vistas/img/productos/default/anonymous.png', 2, 20000, 0, 0, '2025-03-06 13:30:20'),
(364, 1, 'MEYGMG4', 'Mouse Ergonómico y Goma MG-4', 'vistas/img/productos/default/anonymous.png', 6, 20000, 0, 0, '2025-03-06 13:30:20'),
(365, 1, 'MGIMICEX5', 'Mouse Gamer iMice X-5', 'vistas/img/productos/default/anonymous.png', 1, 15000, 0, 0, '2025-03-06 13:30:20'),
(366, 1, 'MGI', 'Mouse Gamer Inalámbrico', 'vistas/img/productos/default/anonymous.png', 5, 20000, 0, 1, '2025-03-07 22:31:44'),
(367, 1, 'MGMO20', 'Mouse Gamer MO20', 'vistas/img/productos/default/anonymous.png', 1, 15000, 0, 0, '2025-03-06 13:30:20'),
(368, 1, 'MGX3', 'Mouse Gamer X-3', 'vistas/img/productos/default/anonymous.png', 5, 15000, 0, 0, '2025-03-06 13:30:20'),
(369, 1, 'MGX7', 'Mouse Gamer X-7', 'vistas/img/productos/default/anonymous.png', 4, 15000, 0, 0, '2025-03-06 13:30:20'),
(370, 1, 'MSHPI', 'Mouse HP Inalámbrico', 'vistas/img/productos/default/anonymous.png', 1, 30000, 0, 0, '2025-03-06 13:30:20'),
(371, 1, 'MLM90', 'Mouse Logitech M90', 'vistas/img/productos/default/anonymous.png', 1, 20000, 0, 0, '2025-03-06 13:30:20'),
(372, 1, 'MM201', 'Mouse M201', 'vistas/img/productos/default/anonymous.png', 2, 5000, 0, 0, '2025-03-06 13:30:20'),
(373, 1, 'MSDNN601', 'Mouse Seisa DN-N601', 'vistas/img/productos/default/anonymous.png', 1, 10000, 0, 0, '2025-03-06 13:30:20'),
(374, 1, 'MWRF6800', 'Mouse Weibo RF6800', 'vistas/img/productos/default/anonymous.png', 1, 15000, 0, 0, '2025-03-06 13:30:20'),
(375, 1, 'MP3', 'MP3', 'vistas/img/productos/default/anonymous.png', 1, 5000, 0, 0, '2025-03-07 21:46:33'),
(376, 1, 'MP5', 'MP5', 'vistas/img/productos/default/anonymous.png', 2, 90000, 0, 0, '2025-03-06 13:30:20'),
(377, 1, 'MP57PX7P', 'MP5 7 Pulgadas X7 Plus', 'vistas/img/productos/default/anonymous.png', 1, 140000, 0, 0, '2025-03-06 13:30:20'),
(378, 1, 'MP5HDMI', 'MP5 HDMI', 'vistas/img/productos/default/anonymous.png', 2, 90000, 0, 0, '2025-03-06 13:30:20'),
(379, 1, 'MP5H5PG51', 'MP5 Huskee 5 pulgadas G51', 'vistas/img/productos/default/anonymous.png', 3, 110000, 0, 0, '2025-03-06 13:30:20'),
(380, 1, 'MP5X7', 'MP5 X7', 'vistas/img/productos/default/anonymous.png', 2, 70000, 0, 0, '2025-03-06 13:30:20'),
(381, 1, 'ORC114AF', 'Ondulador Remington C114AF', 'vistas/img/productos/default/anonymous.png', 1, 170000, 0, 0, '2025-03-06 13:30:20');
INSERT INTO `productos` (`id`, `id_categoria`, `codigo`, `descripcion`, `imagen`, `stock`, `precio_compra`, `precio_venta`, `ventas`, `fecha`) VALUES
(382, 1, 'ONNR4K', 'Onn Réplica 4K', 'vistas/img/productos/default/anonymous.png', 4, 90000, 0, 1, '2025-03-07 23:39:56'),
(383, 1, 'OW4K', 'Onn Watch 4K', 'vistas/img/productos/default/anonymous.png', 13, 120000, 0, 5, '2025-03-07 23:41:29'),
(384, 1, 'OWHD', 'Onn Watch HD', 'vistas/img/productos/default/anonymous.png', 19, 95000, 0, 17, '2025-03-07 23:41:29'),
(385, 1, 'OXIMETRO', 'Oximetro', 'vistas/img/productos/default/anonymous.png', 2, 10000, 0, 0, '2025-03-06 13:30:20'),
(386, 1, 'PS', 'Paneles Solares', 'vistas/img/productos/default/anonymous.png', 3, 25000, 0, 0, '2025-03-06 13:30:20'),
(387, 1, 'P113', 'Parlante 113', 'vistas/img/productos/default/anonymous.png', 8, 25000, 0, 0, '2025-03-06 13:30:20'),
(388, 1, 'PAED4TAG', 'Parlante Alexa Echo Dot 4ta Generación', 'vistas/img/productos/default/anonymous.png', 1, 140000, 0, 0, '2025-03-06 13:30:20'),
(389, 1, 'PAED5TAG', 'Parlante Alexa Echo Dot 5ta Generación', 'vistas/img/productos/default/anonymous.png', 13, 170000, 0, 2, '2025-03-07 22:42:19'),
(390, 1, 'PAEP', 'Parlante Alexa Echo Pop', 'vistas/img/productos/default/anonymous.png', 19, 120000, 0, 0, '2025-03-06 13:30:20'),
(391, 1, 'PAEPI', 'Parlante Alexa Echo Pop kid', 'vistas/img/productos/default/anonymous.png', 3, 160000, 0, 0, '2025-03-07 23:13:53'),
(392, 1, 'PAES10P', 'Parlante Alexa Echo Show 10 Pulgadas', 'vistas/img/productos/default/anonymous.png', 2, 1200000, 0, 0, '2025-03-06 13:30:20'),
(393, 1, 'PAES5P', 'Parlante Alexa Echo Show 5 Pulgadas', 'vistas/img/productos/default/anonymous.png', 8, 275000, 0, 2, '2025-03-07 23:34:13'),
(395, 1, 'PAES', 'Parlante Alexa Echo Spot', 'vistas/img/productos/default/anonymous.png', 5, 260000, 0, 1, '2025-03-07 22:55:19'),
(396, 1, 'PAXESSSPVL1043', 'Parlante AXESS SPVL1043', 'vistas/img/productos/default/anonymous.png', 1, 40000, 0, 0, '2025-03-06 13:30:20'),
(397, 1, 'PB28', 'Parlante B28', 'vistas/img/productos/default/anonymous.png', 6, 35000, 0, 0, '2025-03-06 13:30:20'),
(398, 1, 'PBBJBL3', 'Parlante BoomBox JBL 3', 'vistas/img/productos/default/anonymous.png', 4, 1700000, 0, 0, '2025-03-06 13:30:20'),
(399, 1, 'PBBR', 'Parlante BoomBox Réplica', 'vistas/img/productos/default/anonymous.png', 23, 45000, 0, 0, '2025-03-06 13:30:20'),
(400, 1, 'PCKPKTS18958P', 'Parlante Cabina K Proat KTS1895 8 pulgadas', 'vistas/img/productos/default/anonymous.png', 9, 90000, 0, 0, '2025-03-06 13:30:20'),
(401, 1, 'PC4M', 'Parlante Charge 4 Mini', 'vistas/img/productos/default/anonymous.png', 1, 20000, 0, 0, '2025-03-06 13:30:20'),
(402, 1, 'PC4R', 'Parlante Charge 4 Réplica', 'vistas/img/productos/default/anonymous.png', 22, 25000, 0, 20, '2025-03-07 23:31:36'),
(403, 1, 'PCCSMP48', 'Parlante Coby CSMP-48', 'vistas/img/productos/default/anonymous.png', 3, 5000, 0, 0, '2025-03-06 13:30:20'),
(404, 1, 'PCMBTS385', 'Parlante con Micrófonos BTS 385 ', 'vistas/img/productos/default/anonymous.png', 1, 40000, 0, 0, '2025-03-06 13:30:20'),
(405, 1, 'PDBQ330', 'Parlante de Balón Q330', 'vistas/img/productos/default/anonymous.png', 1, 30000, 0, 0, '2025-03-06 13:30:20'),
(406, 1, 'PDD', 'Parlante de Ducha', 'vistas/img/productos/default/anonymous.png', 2, 10000, 0, 0, '2025-03-06 13:30:20'),
(407, 1, 'PE15', 'Parlante E15', 'vistas/img/productos/default/anonymous.png', 1, 20000, 0, 0, '2025-03-06 13:30:20'),
(408, 1, 'PE18+', 'Parlante E18+', 'vistas/img/productos/default/anonymous.png', 1, 20000, 0, 0, '2025-03-06 13:30:20'),
(409, 1, 'PEDK', 'Parlante Echo Dot Kids', 'vistas/img/productos/default/anonymous.png', 0, 180000, 0, 1, '2025-03-07 23:12:57'),
(410, 1, 'PES8P', 'Parlante Echo Show 8 Pulgadas', 'vistas/img/productos/default/anonymous.png', 4, 480000, 0, 0, '2025-03-06 13:30:20'),
(411, 1, 'PE', 'Parlante Emoji', 'vistas/img/productos/default/anonymous.png', 2, 40000, 0, 0, '2025-03-06 13:30:20'),
(412, 1, 'PG13', 'Parlante G-13', 'vistas/img/productos/default/anonymous.png', 1, 15000, 0, 0, '2025-03-06 13:30:20'),
(413, 1, 'PG3', 'Parlante G3', 'vistas/img/productos/default/anonymous.png', 1, 15000, 0, 0, '2025-03-06 13:30:20'),
(414, 1, 'PG3PRCA', 'Parlante Go 3 Plus Réplica con Audífonos', 'vistas/img/productos/default/anonymous.png', 8, 35000, 0, 0, '2025-03-06 13:30:20'),
(415, 1, 'PGNM', 'Parlante Google Next Mini', 'vistas/img/productos/default/anonymous.png', 2, 150000, 0, 1, '2025-03-07 23:36:03'),
(416, 1, 'PG1345', 'Parlante Greatnice 1345', 'vistas/img/productos/default/anonymous.png', 3, 15000, 0, 0, '2025-03-06 13:30:20'),
(417, 1, 'PG1731', 'Parlante Greatnice 1731', 'vistas/img/productos/default/anonymous.png', 1, 20000, 0, 0, '2025-03-06 13:30:20'),
(418, 1, 'PGTS1836', 'Parlante GTS-1836', 'vistas/img/productos/default/anonymous.png', 1, 25000, 0, 0, '2025-03-06 13:30:20'),
(419, 1, 'PH977', 'Parlante H-977', 'vistas/img/productos/default/anonymous.png', 1, 15000, 0, 0, '2025-03-06 13:30:20'),
(420, 1, 'PHAF', 'Parlante HAF', 'vistas/img/productos/default/anonymous.png', 1, 25000, 0, 0, '2025-03-06 13:30:20'),
(421, 1, 'PHPR801', 'Parlante Harvic PR-801', 'vistas/img/productos/default/anonymous.png', 3, 30000, 0, 0, '2025-03-06 13:30:20'),
(422, 1, 'PHHYSPBT798', 'Parlante Htundai HYSPBT798', 'vistas/img/productos/default/anonymous.png', 1, 280000, 0, 0, '2025-03-06 13:30:20'),
(423, 1, 'PHCM51', 'Parlante Huawei CM-51', 'vistas/img/productos/default/anonymous.png', 1, 40000, 0, 0, '2025-03-06 13:30:20'),
(424, 1, 'PIRL306', 'Parlante Ice RL-306', 'vistas/img/productos/default/anonymous.png', 1, 60000, 0, 0, '2025-03-06 13:30:20'),
(425, 1, 'PJ', 'Parlante Jawbone ', 'vistas/img/productos/default/anonymous.png', 1, 30000, 0, 0, '2025-03-06 13:30:20'),
(426, 1, 'PJBLC5', 'Parlante JBL Charge 5', 'vistas/img/productos/default/anonymous.png', 4, 520000, 0, 2, '2025-03-07 23:14:40'),
(427, 1, 'PJBLCLIP5', 'Parlante JBL Clip 5', 'vistas/img/productos/default/anonymous.png', 12, 220000, 0, 0, '2025-03-06 13:30:20'),
(428, 1, 'PJBLEP', 'Parlante JBL Echo Pop', 'vistas/img/productos/default/anonymous.png', 4, 120000, 0, 0, '2025-03-06 13:30:20'),
(429, 1, 'PJBLF6', 'Parlante JBL Flip 6', 'vistas/img/productos/default/anonymous.png', 5, 360000, 0, 1, '2025-03-07 23:30:13'),
(430, 1, 'PJBLG2', 'Parlante JBL Go 2', 'vistas/img/productos/default/anonymous.png', 9, 60000, 0, 1, '2025-03-07 22:54:15'),
(431, 1, 'PJBLG4', 'Parlante JBL Go 4', 'vistas/img/productos/default/anonymous.png', 6, 150000, 0, 0, '2025-03-06 13:30:20'),
(432, 1, 'PJBLS4', 'Parlante JBL Stream 4', 'vistas/img/productos/default/anonymous.png', 4, 1030000, 0, 0, '2025-03-06 13:30:20'),
(433, 1, 'PKKBSK8', 'Parlante Kalley KBSK8', 'vistas/img/productos/default/anonymous.png', 6, 90000, 0, 0, '2025-03-06 13:30:20'),
(434, 1, 'PKSPK30', 'Parlante Kalley SPK30', 'vistas/img/productos/default/anonymous.png', 1, 160000, 0, 0, '2025-03-06 13:30:20'),
(435, 1, 'PKBKTS1279', 'Parlante KBroad KTS1279', 'vistas/img/productos/default/anonymous.png', 10, 100000, 0, 0, '2025-03-06 13:30:20'),
(436, 1, 'PKKTS1330', 'Parlante Kbroad KTS-1330', 'vistas/img/productos/default/anonymous.png', 1, 60000, 0, 0, '2025-03-06 13:30:20'),
(437, 1, 'PKKM1181', 'Parlante Kimiso KM1181', 'vistas/img/productos/default/anonymous.png', 1, 15000, 0, 0, '2025-03-06 13:30:20'),
(438, 1, 'PK816', 'Parlante Koleer 816', 'vistas/img/productos/default/anonymous.png', 92, 50000, 0, 0, '2025-03-06 13:30:20'),
(439, 1, 'PKIPX7', 'Parlante Krono IPX7', 'vistas/img/productos/default/anonymous.png', 1, 30000, 0, 0, '2025-03-06 13:30:20'),
(440, 1, 'PKTS1092', 'Parlante KTS1092', 'vistas/img/productos/default/anonymous.png', 1, 15000, 0, 0, '2025-03-06 13:30:20'),
(441, 1, 'PLABASSLBB139', 'Parlante LA BASS LBB-139', 'vistas/img/productos/default/anonymous.png', 1, 25000, 0, 0, '2025-03-06 13:30:20'),
(442, 1, 'PLBT2301', 'Parlante Lámpara BT 2301', 'vistas/img/productos/default/anonymous.png', 23, 40000, 0, 0, '2025-03-06 13:30:20'),
(443, 1, 'PLMBX39', 'Parlante Lámpara Mini BX39', 'vistas/img/productos/default/anonymous.png', 48, 20000, 0, 0, '2025-03-06 13:30:20'),
(444, 1, 'PLGX360X03C', 'Parlante LG Xboom 360 X03C', 'vistas/img/productos/default/anonymous.png', 1, 500000, 0, 0, '2025-03-06 13:30:20'),
(445, 1, 'PLGXXG5QBK', 'Parlante LG Xboom XG5QBK', 'vistas/img/productos/default/anonymous.png', 1, 380000, 0, 0, '2025-03-06 13:30:20'),
(446, 1, 'PLBTS15', 'Parlante Lonio BTS-15', 'vistas/img/productos/default/anonymous.png', 1, 30000, 0, 0, '2025-03-06 13:30:20'),
(447, 1, 'PMX8', 'Parlante Magical X8', 'vistas/img/productos/default/anonymous.png', 3, 30000, 0, 0, '2025-03-06 13:30:20'),
(448, 1, 'PMD', 'Parlante Maxell Distrikt', 'vistas/img/productos/default/anonymous.png', 3, 120000, 0, 0, '2025-03-06 13:30:20'),
(449, 1, 'PMN', 'Parlante Maxell Nomad', 'vistas/img/productos/default/anonymous.png', 3, 70000, 0, 0, '2025-03-07 21:57:54'),
(450, 1, 'PMG2', 'Parlante MG2', 'vistas/img/productos/default/anonymous.png', 1, 15000, 0, 0, '2025-03-06 13:30:20'),
(451, 1, 'PM122', 'Parlante Mini 122', 'vistas/img/productos/default/anonymous.png', 7, 15000, 0, 0, '2025-03-06 13:30:20'),
(452, 1, 'PMS', 'Parlante Mini Speaker ', 'vistas/img/productos/default/anonymous.png', 1, 30000, 0, 0, '2025-03-06 13:30:20'),
(453, 1, 'PMBT295', 'Parlante Miniso BT-295', 'vistas/img/productos/default/anonymous.png', 5, 20000, 0, 0, '2025-03-06 13:30:20'),
(454, 1, 'PMD39F', 'Parlante Miniso D39F', 'vistas/img/productos/default/anonymous.png', 1, 30000, 0, 0, '2025-03-06 13:30:20'),
(455, 1, 'PMP', 'Parlante Movisun Pumpa', 'vistas/img/productos/default/anonymous.png', 1, 30000, 0, 0, '2025-03-06 13:30:20'),
(456, 1, 'PMS1721', 'Parlante MS-1721', 'vistas/img/productos/default/anonymous.png', 1, 20000, 0, 0, '2025-03-06 13:30:20'),
(457, 1, 'PMVA', 'Parlante MVA ', 'vistas/img/productos/default/anonymous.png', 1, 25000, 0, 0, '2025-03-06 13:30:20'),
(458, 1, 'PMYMDL', 'Parlante MYM de Luces', 'vistas/img/productos/default/anonymous.png', 1, 40000, 0, 0, '2025-03-06 13:30:20'),
(459, 1, 'PMYMPBM1', 'Parlante MYM para Bicicletas M1', 'vistas/img/productos/default/anonymous.png', 2, 40000, 0, 0, '2025-03-06 13:30:20'),
(460, 1, 'PN2404', 'Parlante Nanotec 2404', 'vistas/img/productos/default/anonymous.png', 1, 40000, 0, 0, '2025-03-06 13:30:20'),
(461, 1, 'PNP2431', 'Parlante Nanotec P2431', 'vistas/img/productos/default/anonymous.png', 1, 45000, 0, 0, '2025-03-06 13:30:20'),
(462, 1, 'POJNS15131572', 'Parlante Okfly JNS-1513 1572', 'vistas/img/productos/default/anonymous.png', 2, 20000, 0, 0, '2025-03-06 13:30:20'),
(463, 1, 'PPCJT042', 'Parlante para Computador JT042', 'vistas/img/productos/default/anonymous.png', 2, 20000, 0, 0, '2025-03-06 13:30:20'),
(464, 1, 'PPPIAD305', 'Parlante Phillips para IPhone AD-305', 'vistas/img/productos/default/anonymous.png', 1, 30000, 0, 0, '2025-03-06 13:30:20'),
(465, 1, 'PP5R', 'Parlante Pluse 5 Réplica', 'vistas/img/productos/default/anonymous.png', 47, 35000, 0, 0, '2025-03-06 13:30:20'),
(466, 1, 'PR2109', 'Parlante Robot 2109', 'vistas/img/productos/default/anonymous.png', 1, 30000, 0, 0, '2025-03-06 13:30:20'),
(467, 1, 'PS18M', 'Parlante S18 Mini', 'vistas/img/productos/default/anonymous.png', 3, 30000, 0, 0, '2025-03-06 13:30:20'),
(468, 1, 'PS2025', 'Parlante S2025', 'vistas/img/productos/default/anonymous.png', 3, 40000, 0, 0, '2025-03-06 13:30:20'),
(469, 1, 'PSYXH9213', 'Parlante Seisa YX-H9213', 'vistas/img/productos/default/anonymous.png', 3, 50000, 0, 0, '2025-03-06 13:30:20'),
(470, 1, 'PS2378', 'Parlante Sonivox 2378', 'vistas/img/productos/default/anonymous.png', 1, 130000, 0, 0, '2025-03-06 13:30:20'),
(471, 1, 'PSBSSS1963', 'Parlante Sonivox BSSS-1963', 'vistas/img/productos/default/anonymous.png', 2, 80000, 0, 0, '2025-03-06 13:30:20'),
(472, 1, 'PSBBSR1654BT', 'Parlante Sony Boss BSR-1654BT', 'vistas/img/productos/default/anonymous.png', 1, 40000, 0, 0, '2025-03-06 13:30:20'),
(473, 1, 'PSXE200', 'Parlante Sony XE200', 'vistas/img/productos/default/anonymous.png', 1, 270000, 0, 0, '2025-03-06 13:30:20'),
(474, 1, 'PS1742', 'Parlante Sonyvox 1742', 'vistas/img/productos/default/anonymous.png', 1, 30000, 0, 0, '2025-03-06 13:30:20'),
(475, 1, 'PSS21', 'Parlante Soonbox S21', 'vistas/img/productos/default/anonymous.png', 1, 35000, 0, 0, '2025-03-06 13:30:20'),
(476, 1, 'PS3R', 'Parlante Stream 3 Réplica', 'vistas/img/productos/default/anonymous.png', 11, 70000, 0, 0, '2025-03-06 13:30:20'),
(477, 1, 'PT&GTG113', 'Parlante T&G TG-113', 'vistas/img/productos/default/anonymous.png', 3, 20000, 0, 0, '2025-03-06 13:30:20'),
(478, 1, 'PT&GTG505', 'Parlante T&G TG-505', 'vistas/img/productos/default/anonymous.png', 1, 20000, 0, 0, '2025-03-06 13:30:20'),
(479, 1, 'PT5', 'Parlante T-5', 'vistas/img/productos/default/anonymous.png', 1, 15000, 0, 0, '2025-03-06 13:30:20'),
(480, 1, 'PTIG177', 'Parlante TIG177', 'vistas/img/productos/default/anonymous.png', 1, 30000, 0, 0, '2025-03-06 13:30:20'),
(481, 1, 'PTIG507', 'Parlante TIG507', 'vistas/img/productos/default/anonymous.png', 1, 25000, 0, 0, '2025-03-06 13:30:20'),
(482, 1, 'PTJ184', 'Parlante TJ184', 'vistas/img/productos/default/anonymous.png', 4, 20000, 0, 0, '2025-03-06 13:30:20'),
(483, 1, 'PTS3975T', 'Parlante TS-3975 Topsonic', 'vistas/img/productos/default/anonymous.png', 1, 20000, 0, 0, '2025-03-06 13:30:20'),
(484, 1, 'PURR1026', 'Parlante Universal Royal R1026', 'vistas/img/productos/default/anonymous.png', 1, 25000, 0, 0, '2025-03-06 13:30:20'),
(485, 1, 'PURR320', 'Parlante Universal Royal R320', 'vistas/img/productos/default/anonymous.png', 1, 30000, 0, 0, '2025-03-06 13:30:20'),
(486, 1, 'PVTA82816', 'Parlante VTA 82816', 'vistas/img/productos/default/anonymous.png', 2, 25000, 0, 0, '2025-03-06 13:30:20'),
(487, 1, 'PWSA837WSA839', 'Parlante WSA-837 WSA-839', 'vistas/img/productos/default/anonymous.png', 4, 25000, 0, 0, '2025-03-06 13:30:20'),
(488, 1, 'PXTXTS641', 'Parlante X Tech XTS614', 'vistas/img/productos/default/anonymous.png', 1, 40000, 0, 0, '2025-03-06 13:30:20'),
(489, 1, 'PX911', 'Parlante X-911', 'vistas/img/productos/default/anonymous.png', 1, 20000, 0, 0, '2025-03-06 13:30:20'),
(490, 1, 'PXLYYX01ZM', 'Parlante Xioami LYYX01ZM', 'vistas/img/productos/default/anonymous.png', 1, 30000, 0, 0, '2025-03-06 13:30:20'),
(491, 1, 'PXR', 'Parlante Xtemre Réplica', 'vistas/img/productos/default/anonymous.png', 6, 40000, 0, 0, '2025-03-06 13:30:20'),
(492, 1, 'PY3', 'Parlante Y-3', 'vistas/img/productos/default/anonymous.png', 1, 10000, 0, 0, '2025-03-06 13:30:20'),
(493, 1, 'PZQS4247', 'Parlante ZQS4247', 'vistas/img/productos/default/anonymous.png', 1, 150000, 0, 0, '2025-03-06 13:30:20'),
(494, 1, 'PCBP', 'Parlantes Caja Blanca Pequeños', 'vistas/img/productos/default/anonymous.png', 10, 20000, 0, 0, '2025-03-06 13:30:20'),
(495, 1, 'PT&GTG166', 'Parlantes T&G TG-166', 'vistas/img/productos/default/anonymous.png', 5, 20000, 0, 0, '2025-03-06 13:30:20'),
(496, 1, 'PT&GTG352', 'Parlantes T&G TG-352', 'vistas/img/productos/default/anonymous.png', 1, 20000, 0, 0, '2025-03-06 13:30:20'),
(497, 1, 'PT&GTG536', 'Parlantes T&G TG-536', 'vistas/img/productos/default/anonymous.png', 1, 20000, 0, 0, '2025-03-06 13:30:20'),
(498, 1, 'PXTBWI', 'Parlantes X Tech Bow-Wow Infantil', 'vistas/img/productos/default/anonymous.png', 168, 25000, 0, 0, '2025-03-06 13:30:20'),
(499, 1, 'PBT', 'Patillera Buda Touch', 'vistas/img/productos/default/anonymous.png', 1, 15000, 0, 0, '2025-03-06 13:30:20'),
(500, 1, 'PGGM6642', 'Patillera Geemy GM6642', 'vistas/img/productos/default/anonymous.png', 1, 50000, 0, 0, '2025-03-06 13:30:20'),
(501, 1, 'PGU7', 'Patillera GU7', 'vistas/img/productos/default/anonymous.png', 1, 15000, 0, 0, '2025-03-06 13:30:20'),
(502, 1, 'PKKM1324', 'Patillera Kemei KM1324', 'vistas/img/productos/default/anonymous.png', 1, 40000, 0, 0, '2025-03-06 13:30:20'),
(503, 1, 'PKKM1407', 'Patillera Kemei KM1407', 'vistas/img/productos/default/anonymous.png', 1, 35000, 0, 0, '2025-03-06 13:30:20'),
(504, 1, 'PLJAG2014JG216', 'Patillera Laser JAG2014 JG216', 'vistas/img/productos/default/anonymous.png', 2, 15000, 0, 0, '2025-03-06 13:30:20'),
(505, 1, 'PPMG3750', 'Patillera Philips MG3750', 'vistas/img/productos/default/anonymous.png', 2, 90000, 0, 0, '2025-03-06 13:30:20'),
(506, 1, 'PPMG5910', 'Patillera Phillips MG5910', 'vistas/img/productos/default/anonymous.png', 2, 120000, 0, 0, '2025-03-06 13:30:20'),
(507, 1, 'PPQP2724', 'Patillera Phillips QP2724', 'vistas/img/productos/default/anonymous.png', 2, 90000, 0, 0, '2025-03-06 13:30:20'),
(508, 1, 'PPG6032', 'Patillera Pro Gemei 6032', 'vistas/img/productos/default/anonymous.png', 2, 20000, 0, 0, '2025-03-06 13:30:20'),
(509, 1, 'PR6125', 'Patillera Remington 6125', 'vistas/img/productos/default/anonymous.png', 5, 95000, 0, 0, '2025-03-06 13:30:20'),
(510, 1, 'PRIRG030A', 'Patillera Remington Indestructible RG030A', 'vistas/img/productos/default/anonymous.png', 1, 120000, 0, 0, '2025-03-06 13:30:20'),
(511, 1, 'PSLSLP890', 'Patillera Super Look SLP-890', 'vistas/img/productos/default/anonymous.png', 1, 60000, 0, 0, '2025-03-06 13:30:20'),
(512, 1, 'PVGRV055', 'Patillera VGR V055', 'vistas/img/productos/default/anonymous.png', 1, 40000, 0, 0, '2025-03-06 13:30:20'),
(513, 1, 'PVGRV090', 'Patillera VGR V-090', 'vistas/img/productos/default/anonymous.png', 7, 30000, 0, 0, '2025-03-06 13:30:20'),
(514, 1, 'PVGRV091', 'Patillera VGR V091', 'vistas/img/productos/default/anonymous.png', 15, 50000, 0, 1, '2025-03-07 23:44:44'),
(515, 1, 'PVGRV179', 'Patillera VGR V179', 'vistas/img/productos/default/anonymous.png', 1, 40000, 0, 0, '2025-03-06 13:30:20'),
(516, 1, 'PWMP', 'Patillera Wahl Mini Pro', 'vistas/img/productos/default/anonymous.png', 1, 65000, 0, 0, '2025-03-06 13:30:20'),
(517, 1, 'PWSMDP', 'Patillera Wahl Suelta Mini de Pila', 'vistas/img/productos/default/anonymous.png', 1, 10000, 0, 0, '2025-03-06 13:30:20'),
(518, 1, 'PWTP', 'Patillera Wahl T-Pro', 'vistas/img/productos/default/anonymous.png', 1, 70000, 0, 0, '2025-03-06 13:30:20'),
(519, 1, 'PKGM832', 'Peluquera Kemei GM832', 'vistas/img/productos/default/anonymous.png', 1, 70000, 0, 0, '2025-03-06 13:30:20'),
(520, 1, 'PNTLT1008', 'Peluquera New Turbox LT1008', 'vistas/img/productos/default/anonymous.png', 1, 60000, 0, 0, '2025-03-06 13:30:20'),
(521, 1, 'PO76076', 'Peluquera Oster 76076', 'vistas/img/productos/default/anonymous.png', 1, 250000, 0, 0, '2025-03-06 13:30:20'),
(522, 1, 'PRHC5850', 'Peluquera Remington HC5850', 'vistas/img/productos/default/anonymous.png', 1, 110000, 0, 0, '2025-03-06 13:30:20'),
(523, 1, 'PT', 'Peluquera Turbox ', 'vistas/img/productos/default/anonymous.png', 1, 60000, 0, 0, '2025-03-06 13:30:20'),
(524, 1, 'PVGRB665', 'Peluquera VGR B665', 'vistas/img/productos/default/anonymous.png', 1, 60000, 0, 0, '2025-03-06 13:30:20'),
(525, 1, 'PVGRV192', 'Peluquera VGR V192', 'vistas/img/productos/default/anonymous.png', 8, 40000, 0, 0, '2025-03-06 13:30:20'),
(526, 1, 'PVGRV220', 'Peluquera VGR V220', 'vistas/img/productos/default/anonymous.png', 5, 40000, 0, 0, '2025-03-06 13:30:20'),
(527, 1, 'PVGRV660', 'Peluquera VGR V660', 'vistas/img/productos/default/anonymous.png', 1, 60000, 0, 0, '2025-03-06 13:30:20'),
(528, 1, 'PVGRV665', 'Peluquera VGR V665', 'vistas/img/productos/default/anonymous.png', 1, 60000, 0, 0, '2025-03-06 13:30:20'),
(529, 1, 'PVGRV927', 'Peluquera VGR V927', 'vistas/img/productos/default/anonymous.png', 6, 50000, 0, 0, '2025-03-06 13:30:20'),
(530, 1, 'PWB', 'Peluquera Wahl Balding', 'vistas/img/productos/default/anonymous.png', 1, 230000, 0, 0, '2025-03-06 13:30:20'),
(531, 1, 'PWC09314', 'Peluquera Wahl Combo 09314', 'vistas/img/productos/default/anonymous.png', 1, 70000, 0, 0, '2025-03-06 13:30:20'),
(532, 1, 'PWD08358', 'Peluquera Wahl Designer 08358', 'vistas/img/productos/default/anonymous.png', 1, 160000, 0, 0, '2025-03-06 13:30:20'),
(533, 1, 'PWL', 'Peluquera Wahl Legend', 'vistas/img/productos/default/anonymous.png', 1, 280000, 0, 0, '2025-03-06 13:30:20'),
(534, 1, 'PWMC', 'Peluquera Wahl Magic Clip', 'vistas/img/productos/default/anonymous.png', 2, 280000, 0, 0, '2025-03-06 13:30:20'),
(535, 1, 'PWP08726', 'Peluquera Wahl Prolith 08726', 'vistas/img/productos/default/anonymous.png', 2, 80000, 0, 0, '2025-03-06 13:30:20'),
(536, 1, 'PWR', 'Peluquera Wahl Réplica', 'vistas/img/productos/default/anonymous.png', 1, 40000, 0, 0, '2025-03-06 13:30:20'),
(537, 1, 'PD', 'Pencil Duo ', 'vistas/img/productos/default/anonymous.png', 1, 50000, 0, 0, '2025-03-06 13:30:20'),
(538, 1, 'PDNW', 'Perfiladores de Nariz Wahl', 'vistas/img/productos/default/anonymous.png', 2, 20000, 0, 0, '2025-03-06 13:30:20'),
(539, 1, 'PP9V', 'Pila Panasonic 9 Voltios', 'vistas/img/productos/default/anonymous.png', 2, 10000, 0, 0, '2025-03-06 13:30:20'),
(540, 1, 'PMATE', 'Pilas Maxell Alcalinas Tipo E', 'vistas/img/productos/default/anonymous.png', 2, 10000, 0, 0, '2025-03-06 13:30:20'),
(541, 1, 'PC', 'Plancha Conair', 'vistas/img/productos/default/anonymous.png', 2, 30000, 0, 0, '2025-03-06 13:30:20'),
(542, 1, 'PDAA9980', 'Plancha de Aguacate Ancha 9980', 'vistas/img/productos/default/anonymous.png', 1, 140000, 0, 0, '2025-03-06 13:30:20'),
(543, 1, 'PDCKRR', 'Plancha de Cabello Keratina Remington Replica', 'vistas/img/productos/default/anonymous.png', 2, 60000, 0, 0, '2025-03-06 13:30:20'),
(544, 1, 'PDCRKS8599', 'Plancha de Cabello Remington Keratina S8599', 'vistas/img/productos/default/anonymous.png', 1, 140000, 0, 0, '2025-03-06 13:30:20'),
(545, 1, 'PDCRS5502', 'Plancha de Cabello Remington S5502', 'vistas/img/productos/default/anonymous.png', 1, 110000, 0, 0, '2025-03-06 13:30:20'),
(546, 1, 'PDCR2182', 'Plancha de Cabello Revlon 2182', 'vistas/img/productos/default/anonymous.png', 3, 80000, 0, 0, '2025-03-06 13:30:20'),
(547, 1, 'PH&S', 'Plancha Healthy & Silty ', 'vistas/img/productos/default/anonymous.png', 4, 90000, 0, 0, '2025-03-06 13:30:20'),
(548, 1, 'PKKM532', 'Plancha Kemei KM 532', 'vistas/img/productos/default/anonymous.png', 1, 35000, 0, 0, '2025-03-06 13:30:20'),
(549, 1, 'PKKM8889', 'Plancha Kemei KM 8889', 'vistas/img/productos/default/anonymous.png', 1, 35000, 0, 0, '2025-03-06 13:30:20'),
(550, 1, 'PNT', 'Plancha Nano Titanium ', 'vistas/img/productos/default/anonymous.png', 1, 20000, 0, 0, '2025-03-06 13:30:20'),
(551, 1, 'PRRE2037', 'Plancha Remilmton RE2037', 'vistas/img/productos/default/anonymous.png', 1, 30000, 0, 0, '2025-03-06 13:30:20'),
(552, 1, 'PRAR', 'Plancha Remington Aguacate Réplica', 'vistas/img/productos/default/anonymous.png', 6, 55000, 0, 0, '2025-03-06 13:30:20'),
(553, 1, 'PRBS32A', 'Plancha Remington Botanicals S32A', 'vistas/img/productos/default/anonymous.png', 1, 130000, 0, 0, '2025-03-06 13:30:20'),
(554, 1, 'PRDAOS8500', 'Plancha Remington de Aguacate Original S8500', 'vistas/img/productos/default/anonymous.png', 4, 125000, 0, 0, '2025-03-06 13:30:20'),
(555, 1, 'PRMS3500', 'Plancha Remington Macadamia S3500', 'vistas/img/productos/default/anonymous.png', 1, 120000, 0, 0, '2025-03-06 13:30:20'),
(556, 1, 'PRS5500', 'Plancha Remington S5500', 'vistas/img/productos/default/anonymous.png', 1, 100000, 0, 0, '2025-03-06 13:30:20'),
(557, 1, 'PRTIS7740', 'Plancha Remington Triple Infusión S7740', 'vistas/img/productos/default/anonymous.png', 1, 135000, 0, 0, '2025-03-06 13:30:20'),
(558, 1, 'PRW2A8001', 'Plancha Remington Wet 2 Ancha 8001', 'vistas/img/productos/default/anonymous.png', 2, 140000, 0, 0, '2025-03-06 13:30:20'),
(559, 1, 'PRWD7901', 'Plancha Remington Wet Delgada 7901', 'vistas/img/productos/default/anonymous.png', 1, 140000, 0, 0, '2025-03-06 13:30:20'),
(560, 1, 'PR2082', 'Plancha Remlngton 2082', 'vistas/img/productos/default/anonymous.png', 1, 45000, 0, 0, '2025-03-06 13:30:20'),
(561, 1, 'PW', 'Plancha Wahl ', 'vistas/img/productos/default/anonymous.png', 1, 30000, 0, 0, '2025-03-06 13:30:20'),
(562, 1, 'PCPCH039', 'Porta Celular para Carro H039', 'vistas/img/productos/default/anonymous.png', 1, 10000, 0, 0, '2025-03-06 13:30:20'),
(563, 1, 'PORTAS', 'Porta Saxofón', 'vistas/img/productos/default/anonymous.png', 1, 5000, 0, 0, '2025-03-06 13:30:20'),
(564, 1, 'PDB', 'Portacelulares de Bicicleta', 'vistas/img/productos/default/anonymous.png', 3, 10000, 0, 0, '2025-03-06 13:30:20'),
(565, 1, 'PD10P102K', 'Portaretrato Digital 10 Pulgadas 102K', 'vistas/img/productos/default/anonymous.png', 2, 200000, 0, 0, '2025-03-06 13:30:20'),
(566, 1, 'PDSX1010P', 'Portaretrato Digital SX10 10 Pulgadas', 'vistas/img/productos/default/anonymous.png', 1, 220000, 0, 0, '2025-03-06 13:30:20'),
(567, 1, 'PVU', 'Portaretrato Vatiloba Usado', 'vistas/img/productos/default/anonymous.png', 1, 50000, 0, 0, '2025-03-06 13:30:20'),
(568, 1, 'PB2600MAH', 'PowerBank 2600 mAh', 'vistas/img/productos/default/anonymous.png', 1, 5000, 0, 0, '2025-03-06 13:30:20'),
(569, 1, 'PB9600MAH', 'PowerBank 9600 mAh', 'vistas/img/productos/default/anonymous.png', 43, 10000, 0, 0, '2025-03-06 13:30:20'),
(570, 1, 'PBFC10000MAH', 'PowerBank Fast Charging 10000 mAh ', 'vistas/img/productos/default/anonymous.png', 1, 20000, 0, 0, '2025-03-06 13:30:20'),
(571, 1, 'PBF12800MAH', 'PowerBank Fly 12800 mAh', 'vistas/img/productos/default/anonymous.png', 2, 60000, 0, 0, '2025-03-06 13:30:20'),
(572, 1, 'PBH10000MAH', 'PowerBank Harvic 10000 mAh', 'vistas/img/productos/default/anonymous.png', 4, 30000, 0, 1, '2025-03-07 22:32:19'),
(573, 1, 'PBH20000MAHPB604', 'PowerBank Harvic 20000 mAh PB604', 'vistas/img/productos/default/anonymous.png', 6, 65000, 0, 0, '2025-03-06 13:30:20'),
(574, 1, 'PBIS20000MAH', 'PowerBank Ironbat solar 20000 mAh ', 'vistas/img/productos/default/anonymous.png', 2, 20000, 0, 0, '2025-03-06 13:30:20'),
(575, 1, 'PBK20000MAHKN87', 'PowerBank Kinotec 20000 mAh KN87', 'vistas/img/productos/default/anonymous.png', 1, 35000, 0, 0, '2025-03-06 13:30:20'),
(576, 1, 'PBR30000MAH', 'PowerBank Ramitech 30000 mAh', 'vistas/img/productos/default/anonymous.png', 3, 80000, 0, 0, '2025-03-06 13:30:20'),
(577, 1, 'PBTF20000MAH', 'PowerBank Techno Fuerza 20000 mAh ', 'vistas/img/productos/default/anonymous.png', 1, 20000, 0, 0, '2025-03-06 13:30:20'),
(578, 1, 'PBV13600MAH', 'PowerBank Viaking 13600 MaH', 'vistas/img/productos/default/anonymous.png', 1, 10000, 0, 0, '2025-03-06 13:30:20'),
(579, 1, 'PBV20000MAH', 'PowerBank Viaking 20000 Mah', 'vistas/img/productos/default/anonymous.png', 3, 35000, 0, 0, '2025-03-06 13:30:20'),
(580, 1, 'PA', 'Proyector Astronauta ', 'vistas/img/productos/default/anonymous.png', 2, 30000, 0, 0, '2025-03-06 13:30:20'),
(581, 1, 'PACB', 'Proyector Astronauta con Bluetooth', 'vistas/img/productos/default/anonymous.png', 4, 40000, 0, 0, '2025-03-06 13:30:20'),
(582, 1, 'QE', 'Quita Espinillas', 'vistas/img/productos/default/anonymous.png', 3, 20000, 0, 0, '2025-03-06 13:30:20'),
(583, 1, 'RAIWAL2', 'Radio AIWA L2', 'vistas/img/productos/default/anonymous.png', 3, 55000, 0, 0, '2025-03-06 13:30:20'),
(584, 1, 'RAL4', 'Radio Aiwa L4', 'vistas/img/productos/default/anonymous.png', 4, 110000, 0, 0, '2025-03-06 13:30:20'),
(585, 1, 'RAIWAU', 'Radio AIWA Usado', 'vistas/img/productos/default/anonymous.png', 1, 70000, 0, 0, '2025-03-06 13:30:20'),
(586, 1, 'UV5RL', 'Radio Baofeng UV-5RL', 'vistas/img/productos/default/anonymous.png', 2, 90000, 0, 0, '2025-03-06 13:30:20'),
(587, 1, 'RBR058', 'Radio Beck R058', 'vistas/img/productos/default/anonymous.png', 1, 50000, 0, 0, '2025-03-06 13:30:20'),
(588, 1, 'RBR105BT', 'Radio Beck R105BT', 'vistas/img/productos/default/anonymous.png', 1, 35000, 0, 0, '2025-03-06 13:30:20'),
(589, 1, 'RCMIKMK16', 'Radio CMiK MK16', 'vistas/img/productos/default/anonymous.png', 14, 20000, 0, 0, '2025-03-06 13:30:20'),
(590, 1, 'RCMIKMK199', 'Radio CMIK MK199', 'vistas/img/productos/default/anonymous.png', 1, 70000, 0, 0, '2025-03-06 13:30:20'),
(591, 1, 'RDCMC1', 'Radio de Comunicación Motorola C1', 'vistas/img/productos/default/anonymous.png', 114, 110000, 0, 40, '2025-03-07 23:47:35'),
(592, 1, 'RDCMC6', 'Radio de Comunicación Motorola C6', 'vistas/img/productos/default/anonymous.png', 1, 110000, 0, 14, '2025-03-07 22:35:23'),
(593, 1, 'RDCBUV9RP', 'Radio de Comunicaciones Baofeng UV9R Plus', 'vistas/img/productos/default/anonymous.png', 3, 110000, 0, 0, '2025-03-06 13:30:20'),
(594, 1, 'RFTRX180', 'Radio FoxTech RX180', 'vistas/img/productos/default/anonymous.png', 1, 25000, 0, 0, '2025-03-06 13:30:20'),
(595, 1, 'RFKTF1489', 'Radio Full KTF-1489', 'vistas/img/productos/default/anonymous.png', 2, 35000, 0, 0, '2025-03-06 13:30:20'),
(596, 1, 'RFKTF1490', 'Radio Full KTF-1490', 'vistas/img/productos/default/anonymous.png', 1, 35000, 0, 0, '2025-03-06 13:30:20'),
(597, 1, 'RGBT628', 'Radio Golo BT628', 'vistas/img/productos/default/anonymous.png', 2, 30000, 0, 0, '2025-03-06 13:30:20'),
(598, 1, 'RGRX438', 'Radio Golon RX438', 'vistas/img/productos/default/anonymous.png', 8, 50000, 0, 0, '2025-03-06 13:30:20'),
(599, 1, 'RGPUXPX3600BT', 'Radio Grabadora Pu Xing PX-3600BT', 'vistas/img/productos/default/anonymous.png', 0, 70000, 0, 1, '2025-03-07 23:41:29'),
(600, 1, 'RGGTS1737', 'Radio Greatnice GTS 1737', 'vistas/img/productos/default/anonymous.png', 2, 30000, 0, 1, '2025-03-07 22:33:22'),
(601, 1, 'RJIOC2022', 'Radio JIOC 2022', 'vistas/img/productos/default/anonymous.png', 2, 30000, 0, 0, '2025-03-06 13:30:20'),
(602, 1, 'RMM112BT', 'Radio Meier M112 BT', 'vistas/img/productos/default/anonymous.png', 1, 50000, 0, 0, '2025-03-06 13:30:20'),
(603, 1, 'RMMU05', 'Radio Meier MU05', 'vistas/img/productos/default/anonymous.png', 2, 35000, 0, 0, '2025-03-06 13:30:20'),
(604, 1, 'RMSMP860', 'Radio Motorola SMP860', 'vistas/img/productos/default/anonymous.png', 1, 170000, 0, 0, '2025-03-06 13:30:20'),
(605, 1, 'RMSMP890', 'Radio Motorola SMP890', 'vistas/img/productos/default/anonymous.png', 1, 200000, 0, 0, '2025-03-06 13:30:20'),
(606, 1, 'RNNTR1236', 'Radio Nanotec NTR-1236', 'vistas/img/productos/default/anonymous.png', 4, 30000, 0, 0, '2025-03-06 13:30:20'),
(607, 1, 'RNR128', 'Radio Nanotec R1238', 'vistas/img/productos/default/anonymous.png', 1, 30000, 0, 0, '2025-03-06 13:30:20'),
(608, 1, 'RNR1244', 'Radio Nanotec R1244', 'vistas/img/productos/default/anonymous.png', 3, 30000, 0, 0, '2025-03-06 13:30:20'),
(609, 1, 'RNR1247', 'Radio Nanotec R1247', 'vistas/img/productos/default/anonymous.png', 1, 35000, 0, 0, '2025-03-06 13:30:20'),
(610, 1, 'RNIAAN213', 'Radio NIA AN-213', 'vistas/img/productos/default/anonymous.png', 2, 20000, 0, 0, '2025-03-06 13:30:20'),
(611, 1, 'RPP150', 'Radio Panasonic P150', 'vistas/img/productos/default/anonymous.png', 2, 85000, 0, 0, '2025-03-06 13:30:20'),
(612, 1, 'RPP50', 'Radio Panasonic P50', 'vistas/img/productos/default/anonymous.png', 3, 70000, 0, 0, '2025-03-06 13:30:20'),
(613, 1, 'RPR2506', 'Radio Philips R 2506', 'vistas/img/productos/default/anonymous.png', 2, 120000, 0, 0, '2025-03-06 13:30:20'),
(614, 1, 'RPR1506', 'Radio Philips R-1506', 'vistas/img/productos/default/anonymous.png', 4, 60000, 0, 0, '2025-03-06 13:30:20'),
(615, 1, 'RP910', 'Radio Premier 910', 'vistas/img/productos/default/anonymous.png', 1, 40000, 0, 0, '2025-03-06 13:30:20'),
(616, 1, 'RRDI', 'Radio Reloj de Iphone', 'vistas/img/productos/default/anonymous.png', 1, 20000, 0, 0, '2025-03-06 13:30:20'),
(617, 1, 'RRGGY1250', 'Radio Reloj Gynipot GY-1250', 'vistas/img/productos/default/anonymous.png', 3, 45000, 0, 0, '2025-03-06 13:30:20'),
(618, 1, 'RRP', 'Radio Reloj Philco ', 'vistas/img/productos/default/anonymous.png', 3, 100000, 0, 0, '2025-03-06 13:30:20'),
(619, 1, 'RRPTAR4406', 'Radio Reloj Philips TAR-4406', 'vistas/img/productos/default/anonymous.png', 1, 90000, 0, 0, '2025-03-06 13:30:20'),
(620, 1, 'RRQ15', 'Radio Reloj Q15', 'vistas/img/productos/default/anonymous.png', 1, 35000, 0, 0, '2025-03-06 13:30:20'),
(621, 1, 'RRRSARC205', 'Radio Reloj RSA RC205', 'vistas/img/productos/default/anonymous.png', 1, 50000, 0, 0, '2025-03-06 13:30:20'),
(622, 1, 'RRSSSC381', 'Radio Reloj Super Sony SC381', 'vistas/img/productos/default/anonymous.png', 1, 100000, 0, 0, '2025-03-06 13:30:20'),
(623, 1, 'RSR96', 'Radio Sonibox R96', 'vistas/img/productos/default/anonymous.png', 1, 20000, 0, 0, '2025-03-06 13:30:20'),
(624, 1, 'RSR116', 'Radio Sonivox R116', 'vistas/img/productos/default/anonymous.png', 1, 40000, 0, 0, '2025-03-06 13:30:20'),
(625, 1, 'RSR1532', 'Radio Sonivox R-1532', 'vistas/img/productos/default/anonymous.png', 2, 40000, 0, 0, '2025-03-06 13:30:20'),
(626, 1, 'RSR1556', 'Radio Sonivox R1556', 'vistas/img/productos/default/anonymous.png', 1, 40000, 0, 0, '2025-03-06 13:30:20'),
(627, 1, 'RSICF506', 'Radio Sony ICF 506', 'vistas/img/productos/default/anonymous.png', 1, 280000, 0, 0, '2025-03-06 13:30:20'),
(628, 1, 'RSS84', 'Radio Sony S84', 'vistas/img/productos/default/anonymous.png', 3, 230000, 0, 0, '2025-03-06 13:30:20'),
(629, 1, 'RSU', 'Radio Sony Usado', 'vistas/img/productos/default/anonymous.png', 1, 20000, 0, 0, '2025-03-06 13:30:20'),
(630, 1, 'RURIUR09BT', 'Radio Universal Royal IU R09BT', 'vistas/img/productos/default/anonymous.png', 2, 50000, 0, 0, '2025-03-06 13:30:20'),
(631, 1, 'RURR6023', 'Radio Universal Royal R6023', 'vistas/img/productos/default/anonymous.png', 1, 20000, 0, 0, '2025-03-06 13:30:20'),
(632, 1, 'RYF10U', 'Radio Yuegan F10U', 'vistas/img/productos/default/anonymous.png', 9, 30000, 0, 1, '2025-03-07 22:37:50'),
(633, 1, 'RDCBBF88', 'Radios de Comunicación Baofeng BF-88', 'vistas/img/productos/default/anonymous.png', 18, 55000, 0, 0, '2025-03-06 13:30:20'),
(634, 1, 'RDVANDOWLQA178', 'Reguladores de Voltaje ANDOWL QA-178', 'vistas/img/productos/default/anonymous.png', 2, 15000, 0, 0, '2025-03-06 13:30:20'),
(635, 1, 'REDM', 'Reloj Espía de Mesa', 'vistas/img/productos/default/anonymous.png', 1, 50000, 0, 0, '2025-03-06 13:30:20'),
(636, 1, 'RP', 'Reloj Pebble', 'vistas/img/productos/default/anonymous.png', 1, 80000, 0, 0, '2025-03-06 13:30:20'),
(637, 1, 'PR15225', 'Rizador Remington 15225', 'vistas/img/productos/default/anonymous.png', 1, 110000, 0, 0, '2025-03-06 13:30:20'),
(638, 1, 'RRCI63N1', 'Rizador Remington CI63N1', 'vistas/img/productos/default/anonymous.png', 1, 140000, 0, 0, '2025-03-06 13:30:20'),
(639, 1, 'RW2SAS14A', 'Rizadora Wet 2 Style AS14A', 'vistas/img/productos/default/anonymous.png', 1, 140000, 0, 0, '2025-03-06 13:30:20'),
(640, 1, 'RE4K', 'Roku Express 4K', 'vistas/img/productos/default/anonymous.png', 2, 110000, 0, 1, '2025-03-07 22:41:32'),
(641, 1, 'RP4K', 'Roku Premier 4K', 'vistas/img/productos/default/anonymous.png', 2, 115000, 0, 0, '2025-03-06 13:30:20'),
(642, 1, 'RSS', 'Roku Streaming Stick', 'vistas/img/productos/default/anonymous.png', 1, 120000, 0, 0, '2025-03-06 13:30:20'),
(643, 1, 'RETBTPLXC220G3V', 'Router ETB TP-Link XC220-G3V', 'vistas/img/productos/default/anonymous.png', 7, 30000, 0, 0, '2025-03-06 13:30:20'),
(644, 1, 'RHAR161', 'Router Huawei AR161', 'vistas/img/productos/default/anonymous.png', 0, 30000, 0, 1, '2025-03-07 23:47:59'),
(645, 1, 'RM', 'Router Movistar', 'vistas/img/productos/default/anonymous.png', 3, 30000, 0, 0, '2025-03-06 13:30:20'),
(646, 1, 'RN300R', 'Router N300 Ruijie', 'vistas/img/productos/default/anonymous.png', 8, 45000, 0, 1, '2025-03-07 23:22:53'),
(647, 1, 'RTMF3TA', 'Router Tenda Modelo F3 Tres Antenas', 'vistas/img/productos/default/anonymous.png', 2, 60000, 0, 0, '2025-03-06 13:30:20'),
(648, 1, 'RTML301DA', 'Router Tenda Modelo L301 Dos Antenas', 'vistas/img/productos/default/anonymous.png', 2, 50000, 0, 0, '2025-03-06 13:30:20'),
(649, 1, 'SDUSUN9S', 'Secador de Uñas SUN 9S', 'vistas/img/productos/default/anonymous.png', 1, 30000, 0, 0, '2025-03-06 13:30:20'),
(650, 1, 'SKKM3326', 'Secador Kemey KM3326', 'vistas/img/productos/default/anonymous.png', 1, 30000, 0, 0, '2025-03-06 13:30:20'),
(651, 1, 'SKKM6823', 'Secador Kemey KM6823', 'vistas/img/productos/default/anonymous.png', 1, 40000, 0, 0, '2025-03-06 13:30:20'),
(652, 1, 'SKKM6836', 'Secador Kemey KM6836', 'vistas/img/productos/default/anonymous.png', 1, 40000, 0, 0, '2025-03-06 13:30:20'),
(653, 1, 'SRD13AA', 'Secador Remington D13A Aguacate', 'vistas/img/productos/default/anonymous.png', 1, 135000, 0, 0, '2025-03-06 13:30:20'),
(654, 1, 'SRD3190', 'Secador Remington D3190', 'vistas/img/productos/default/anonymous.png', 1, 120000, 0, 0, '2025-03-06 13:30:20'),
(655, 1, 'SRD3193', 'Secador Remington D3193', 'vistas/img/productos/default/anonymous.png', 1, 100000, 0, 0, '2025-03-06 13:30:20'),
(656, 1, 'SRTP', 'Secador Remington Termacare Pro', 'vistas/img/productos/default/anonymous.png', 1, 13000, 0, 0, '2025-03-06 13:30:20'),
(657, 1, 'SRRE2023', 'Secador Remlngton RE2023', 'vistas/img/productos/default/anonymous.png', 1, 35000, 0, 0, '2025-03-06 13:30:20'),
(658, 1, 'SRRE2043', 'Secador Remlngton RE2043', 'vistas/img/productos/default/anonymous.png', 3, 35000, 0, 0, '2025-03-06 13:30:20'),
(659, 1, 'SRRG2051', 'Secador Remlngton RG2051', 'vistas/img/productos/default/anonymous.png', 5, 25000, 0, 0, '2025-03-06 13:30:20'),
(660, 1, 'SR5005', 'Secador Revlon 5005', 'vistas/img/productos/default/anonymous.png', 2, 50000, 0, 1, '2025-03-07 23:47:35'),
(661, 1, 'SRRB408', 'Secador Revlon RB408', 'vistas/img/productos/default/anonymous.png', 2, 10000, 0, 0, '2025-03-06 13:30:20'),
(662, 1, 'SSLSLP3200', 'Secador Super Lool SLP-3200', 'vistas/img/productos/default/anonymous.png', 1, 80000, 0, 0, '2025-03-06 13:30:20'),
(663, 1, 'STS3900W', 'Secador Turbox Spartaco 3900 Watts', 'vistas/img/productos/default/anonymous.png', 1, 100000, 0, 0, '2025-03-06 13:30:20'),
(664, 1, 'SDA250P', 'Set de Arte 250 Piezas', 'vistas/img/productos/default/anonymous.png', 1, 20000, 0, 0, '2025-03-06 13:30:20'),
(665, 1, 'SDA54P', 'Set de Arte 54 Piezas', 'vistas/img/productos/default/anonymous.png', 13, 20000, 0, 0, '2025-03-06 13:30:20'),
(666, 1, 'SAX2.0', 'Sleve Air X 2.0', 'vistas/img/productos/default/anonymous.png', 1, 70000, 0, 0, '2025-03-06 13:30:20'),
(667, 1, 'SM50M', 'Smart Watch 50M', 'vistas/img/productos/default/anonymous.png', 1, 100000, 0, 0, '2025-03-06 13:30:20'),
(668, 1, 'SW9CA', 'Smart Watch 9 Combo Audífonos', 'vistas/img/productos/default/anonymous.png', 18, 25000, 0, 0, '2025-03-06 13:30:20'),
(669, 1, 'SWAPPLE', 'Smart Watch Apple', 'vistas/img/productos/default/anonymous.png', 1, 90000, 0, 0, '2025-03-06 13:30:20'),
(670, 1, 'SWATCH8', 'Smart Watch ATCH 8', 'vistas/img/productos/default/anonymous.png', 1, 70000, 0, 0, '2025-03-06 13:30:20'),
(671, 1, 'SWC18U', 'Smart Watch C18 Ultra', 'vistas/img/productos/default/anonymous.png', 1, 60000, 0, 0, '2025-03-06 13:30:20'),
(672, 1, 'SWC60', 'Smart Watch C60', 'vistas/img/productos/default/anonymous.png', 1, 50000, 0, 0, '2025-03-06 13:30:20'),
(673, 1, 'SWDSC', 'Smart Watch de Sim Card', 'vistas/img/productos/default/anonymous.png', 7, 15000, 0, 0, '2025-03-06 13:30:20'),
(674, 1, 'SWJ7P', 'Smart Watch J7 Pro', 'vistas/img/productos/default/anonymous.png', 1, 90000, 0, 0, '2025-03-06 13:30:20'),
(675, 1, 'SWK50', 'Smart Watch K50', 'vistas/img/productos/default/anonymous.png', 1, 80000, 0, 0, '2025-03-06 13:30:20'),
(676, 1, 'SWKL1', 'Smart Watch Krono L1', 'vistas/img/productos/default/anonymous.png', 1, 100000, 0, 0, '2025-03-06 13:30:20'),
(677, 1, 'SWKS3', 'Smart Watch Krono S3', 'vistas/img/productos/default/anonymous.png', 2, 120000, 0, 0, '2025-03-06 13:30:20'),
(678, 1, 'SWMKR911', 'Smart Watch Mini KR911', 'vistas/img/productos/default/anonymous.png', 1, 60000, 0, 0, '2025-03-06 13:30:20'),
(679, 1, 'SWNCKR718', 'Smart Watch Niño Combo KR-718', 'vistas/img/productos/default/anonymous.png', 4, 90000, 0, 0, '2025-03-06 13:30:20'),
(680, 1, 'SWOTZ10CSCDN', 'Smart Watch One Tech Z10 con Sim Card de Niños', 'vistas/img/productos/default/anonymous.png', 4, 140000, 0, 0, '2025-03-06 13:30:20'),
(681, 1, 'SWS7', 'Smart Watch Series 7', 'vistas/img/productos/default/anonymous.png', 1, 70000, 0, 0, '2025-03-06 13:30:20'),
(682, 1, 'SWST8', 'Smart Watch ST8', 'vistas/img/productos/default/anonymous.png', 1, 40000, 0, 0, '2025-03-06 13:30:20'),
(683, 1, 'SWT900', 'Smart Watch T 900 ', 'vistas/img/productos/default/anonymous.png', 8, 30000, 0, 0, '2025-03-06 13:30:20'),
(684, 1, 'SWT500', 'Smart Watch T500', 'vistas/img/productos/default/anonymous.png', 9, 25000, 0, 0, '2025-03-06 13:30:20'),
(685, 1, 'SWT500+P', 'Smart Watch T500+ Pro', 'vistas/img/productos/default/anonymous.png', 3, 40000, 0, 0, '2025-03-06 13:30:20'),
(686, 1, 'SMU8AAADP', 'Smart Watch U8 AAA Doble Pulso', 'vistas/img/productos/default/anonymous.png', 11, 65000, 0, 0, '2025-03-06 13:30:20'),
(687, 1, 'SWU8U', 'Smart Watch U8 Ultra', 'vistas/img/productos/default/anonymous.png', 19, 25000, 0, 0, '2025-03-06 13:30:20'),
(688, 1, 'SWU7P', 'Smart Watch Ultra 7 Pulsos', 'vistas/img/productos/default/anonymous.png', 31, 45000, 0, 1, '2025-03-07 23:47:34'),
(689, 1, 'SWUWMSICS51', 'Smart Watch UWMSIC S51', 'vistas/img/productos/default/anonymous.png', 1, 130000, 0, 0, '2025-03-06 13:30:20'),
(690, 1, 'SWW26', 'Smart Watch W26', 'vistas/img/productos/default/anonymous.png', 1, 50000, 0, 0, '2025-03-06 13:30:20'),
(691, 1, 'SWY68', 'Smart Watch Y68', 'vistas/img/productos/default/anonymous.png', 89, 15000, 0, 0, '2025-03-06 13:30:20'),
(692, 1, 'SPCH', 'Soporte para Carro Holder', 'vistas/img/productos/default/anonymous.png', 3, 15000, 0, 0, '2025-03-06 13:30:20'),
(693, 1, 'SPCDML381', 'Soporte para Celular de Mesa L381', 'vistas/img/productos/default/anonymous.png', 1, 10000, 0, 0, '2025-03-06 13:30:20'),
(694, 1, 'SC', 'Sup Control ', 'vistas/img/productos/default/anonymous.png', 2, 20000, 0, 0, '2025-03-06 13:30:20'),
(695, 1, 'SUPS', 'SUP Sencillo', 'vistas/img/productos/default/anonymous.png', 1, 20000, 0, 0, '2025-03-06 13:30:20'),
(696, 1, 'TM10117P', 'Tablero Mágico 10, 11 y 7 Pulgadas ', 'vistas/img/productos/default/anonymous.png', 12, 10000, 0, 0, '2025-03-06 13:30:20'),
(697, 1, 'TA1T7', 'Tablet Alcatel 1T7', 'vistas/img/productos/default/anonymous.png', 0, 160000, 0, 1, '2025-03-07 23:47:35'),
(698, 1, 'TAFHD8P', 'Tablet Amazon Fire HD 8 Pulgadas', 'vistas/img/productos/default/anonymous.png', 2, 280000, 0, 1, '2025-03-07 22:56:00'),
(699, 1, 'TBR704', 'Tablet Bititech R704', 'vistas/img/productos/default/anonymous.png', 1, 70000, 0, 0, '2025-03-06 13:30:20'),
(700, 1, 'THMPPW09', 'Tablet Huawei Matte Pad Pro W09', 'vistas/img/productos/default/anonymous.png', 1, 800000, 0, 0, '2025-03-06 13:30:20'),
(701, 1, 'TKOMQ8', 'Tablet Kid Olax Magic Q8', 'vistas/img/productos/default/anonymous.png', 2, 220000, 0, 0, '2025-03-06 13:30:20'),
(702, 1, 'TKSL10PM108', 'Tablet Kids S-Linda 10 Pulgadas M108', 'vistas/img/productos/default/anonymous.png', 8, 350000, 0, 0, '2025-03-06 13:30:20'),
(703, 1, 'TKK7', 'Tablet Krono K7', 'vistas/img/productos/default/anonymous.png', 1, 180000, 0, 0, '2025-03-06 13:30:20'),
(704, 1, 'TKK', 'Tablet Krono Kids ', 'vistas/img/productos/default/anonymous.png', 31, 155000, 0, 0, '2025-03-06 13:30:20'),
(705, 1, 'TKNX2', 'Tablet Krono Net X2', 'vistas/img/productos/default/anonymous.png', 13, 320000, 0, 1, '2025-03-07 23:04:03'),
(706, 1, 'TKNZ', 'Tablet Krono Net Z', 'vistas/img/productos/default/anonymous.png', 4, 180000, 0, 0, '2025-03-06 13:30:20'),
(707, 1, 'TLLY700', 'Tablet Legion Lenovo Y700', 'vistas/img/productos/default/anonymous.png', 1, 800000, 0, 0, '2025-03-06 13:30:20'),
(708, 1, 'TLTM11', 'Tablet Lenovo Tab M11', 'vistas/img/productos/default/anonymous.png', 2, 720000, 0, 0, '2025-03-06 13:30:20'),
(709, 1, 'TSGAP+', 'Tablet Samsung Galaxy A9+', 'vistas/img/productos/default/anonymous.png', 8, 400000, 0, 0, '2025-03-06 13:30:20'),
(710, 1, 'TSGTA7LSMT220', 'Tablet Samsung Galaxy Tab A7 Lite SMT220', 'vistas/img/productos/default/anonymous.png', 2, 380000, 0, 0, '2025-03-06 13:30:20'),
(711, 1, 'TSGTA8SMX200', 'Tablet Samsung Galaxy Tab A8 SMX200', 'vistas/img/productos/default/anonymous.png', 1, 600000, 0, 0, '2025-03-06 13:30:20'),
(712, 1, 'TSKTS25', 'Tablet Smart King Tab S25 ', 'vistas/img/productos/default/anonymous.png', 1, 360000, 0, 1, '2025-03-07 23:24:42'),
(713, 1, 'TMYMPCK06', 'Taclado MYM para Computador K06', 'vistas/img/productos/default/anonymous.png', 1, 20000, 0, 0, '2025-03-06 13:30:20'),
(714, 1, 'TDTDC', 'TDT Dcolor', 'vistas/img/productos/default/anonymous.png', 1, 40000, 0, 0, '2025-03-06 13:30:20'),
(715, 1, 'TDTDXG', 'TDT DXG', 'vistas/img/productos/default/anonymous.png', 1, 40000, 0, 0, '2025-03-06 13:30:20'),
(716, 1, 'TDTK', 'TDT Krono', 'vistas/img/productos/default/anonymous.png', 25, 35000, 0, 10, '2025-03-07 22:40:50'),
(717, 1, 'TII', 'Teclado Iconic Inalámbrico', 'vistas/img/productos/default/anonymous.png', 1, 20000, 0, 0, '2025-03-06 13:30:20'),
(718, 1, 'TSMART', 'Teclados Smart ', 'vistas/img/productos/default/anonymous.png', 3, 15000, 0, 0, '2025-03-06 13:30:20'),
(719, 1, 'TIAS280', 'Teléfono Inalámbrico Alcatel S280', 'vistas/img/productos/default/anonymous.png', 2, 90000, 0, 0, '2025-03-06 13:30:20'),
(720, 1, 'TIS', 'Teléfono Inalámbrico Sony', 'vistas/img/productos/default/anonymous.png', 1, 20000, 0, 0, '2025-03-06 13:30:20'),
(721, 1, 'TP670', 'Teléfono Panaphone 670', 'vistas/img/productos/default/anonymous.png', 4, 30000, 0, 0, '2025-03-06 13:30:20'),
(722, 1, 'T80X500H', 'Telescopio 80X 500 Horox', 'vistas/img/productos/default/anonymous.png', 1, 130000, 0, 0, '2025-03-06 13:30:20'),
(723, 1, 'TA80600', 'Telescopio Astronomical 80600', 'vistas/img/productos/default/anonymous.png', 1, 180000, 0, 0, '2025-03-06 13:30:20'),
(724, 1, 'RJSIKIW863M', 'Tensiometro JSIKI W863 Muñeca', 'vistas/img/productos/default/anonymous.png', 1, 25000, 0, 0, '2025-03-06 13:30:20'),
(725, 1, 'TB', 'Termometro Berrcom', 'vistas/img/productos/default/anonymous.png', 5, 20000, 0, 0, '2025-03-06 13:30:20'),
(726, 1, 'TS4K', 'Tivo Stream 4k', 'vistas/img/productos/default/anonymous.png', 1, 80000, 0, 0, '2025-03-06 13:30:20'),
(727, 1, 'TDAX314775', 'Tomas de Alexa X 3 1477-5', 'vistas/img/productos/default/anonymous.png', 10, 30000, 0, 0, '2025-03-06 13:30:20'),
(728, 1, 'TDIPPKBT10', 'Traductor de Idiomas Peiko PKBT 10', 'vistas/img/productos/default/anonymous.png', 15, 50000, 0, 0, '2025-03-06 13:30:20'),
(729, 1, 'TDCX7', 'Transmisor de Carro X7', 'vistas/img/productos/default/anonymous.png', 1, 10000, 0, 0, '2025-03-06 13:30:20'),
(730, 1, 'TPC', 'Trípode para Cabina', 'vistas/img/productos/default/anonymous.png', 3, 25000, 0, 0, '2025-03-06 13:30:20'),
(731, 1, 'TPC3110', 'Trípode para Celular 3110', 'vistas/img/productos/default/anonymous.png', 4, 15000, 0, 0, '2025-03-06 13:30:20'),
(732, 1, 'TVBMYM2RAM', 'TV Box MYM 2 RAM', 'vistas/img/productos/default/anonymous.png', 2, 80000, 0, 0, '2025-03-06 13:30:20'),
(733, 1, 'TVBNJ16', 'TV Box Nanotec J16', 'vistas/img/productos/default/anonymous.png', 3, 75000, 0, 1, '2025-03-07 22:24:54'),
(734, 1, 'TVBX4K', 'TV Box Xioami 4K', 'vistas/img/productos/default/anonymous.png', 4, 170000, 0, 1, '2025-03-07 22:59:00'),
(735, 1, 'USBB', 'USB Bluetooth', 'vistas/img/productos/default/anonymous.png', 1, 12000, 0, 1, '2025-03-07 23:38:17'),
(736, 1, 'USBJ', 'USB Jaster ', 'vistas/img/productos/default/anonymous.png', 1, 10000, 0, 0, '2025-03-06 13:30:20'),
(737, 1, 'USBK16GB', 'USB Kingston 16Gb', 'vistas/img/productos/default/anonymous.png', 1, 13000, 0, 0, '2025-03-06 13:30:20'),
(738, 1, 'VPCGD505', 'Ventilador para Carro GD-505', 'vistas/img/productos/default/anonymous.png', 1, 10000, 0, 0, '2025-03-06 13:30:20'),
(739, 1, 'VBH3000E1', 'Videojuego Black Hawk 3000 en 1', 'vistas/img/productos/default/anonymous.png', 1, 200000, 0, 0, '2025-03-06 13:30:20'),
(740, 2, 'AR1335', 'Afeitadora Remington 1335', 'vistas/img/productos/default/anonymous.png', 1, 100000, 0, 0, '2025-03-06 13:30:20'),
(741, 2, 'AADP3', 'Audífonos Air Dots Pro 3', 'vistas/img/productos/default/anonymous.png', 1, 30000, 0, 0, '2025-03-06 13:30:20'),
(742, 2, 'AUAJB23', 'Audífonos Under Armour JB-23', 'vistas/img/productos/default/anonymous.png', 1, 20000, 0, 0, '2025-03-06 13:30:20'),
(743, 2, 'BPC', 'Bases para Computador', 'vistas/img/productos/default/anonymous.png', 30, 30000, 0, 0, '2025-03-06 13:30:20'),
(744, 2, 'CS', 'Cargador Sony', 'vistas/img/productos/default/anonymous.png', 2, 5000, 0, 0, '2025-03-06 13:30:20'),
(745, 2, 'CPD', 'Chispitas por Docena', 'vistas/img/productos/default/anonymous.png', 53, 10000, 0, 0, '2025-03-06 13:30:20'),
(746, 2, 'DP', 'Descansa Pies', 'vistas/img/productos/default/anonymous.png', 4, 30000, 0, 0, '2025-03-06 13:30:20'),
(747, 2, 'FB', 'Flawer Body', 'vistas/img/productos/default/anonymous.png', 2, 20000, 0, 0, '2025-03-06 13:30:20'),
(748, 2, 'KDA', 'Kit de Alarmas', 'vistas/img/productos/default/anonymous.png', 1, 200000, 0, 0, '2025-03-06 13:30:20'),
(749, 2, 'LDU', 'Lámparas de Uñas', 'vistas/img/productos/default/anonymous.png', 1, 30000, 0, 0, '2025-03-06 13:30:20'),
(750, 2, 'MA', 'Micrófono Alámbrico', 'vistas/img/productos/default/anonymous.png', 11, 10000, 0, 0, '2025-03-06 13:30:20'),
(751, 2, 'MWRF610', 'Mouse Weibo RF610', 'vistas/img/productos/default/anonymous.png', 1, 20000, 0, 0, '2025-03-06 13:30:20'),
(752, 2, 'OAHE', 'Olla Arrocera Home Element', 'vistas/img/productos/default/anonymous.png', 1, 60000, 0, 0, '2025-03-06 13:30:20'),
(753, 2, 'PB2', 'Parlante B2', 'vistas/img/productos/default/anonymous.png', 1, 10000, 0, 0, '2025-03-06 13:30:20'),
(754, 2, 'PKMSE62', 'Parlante KMS-E62', 'vistas/img/productos/default/anonymous.png', 1, 20000, 0, 0, '2025-03-06 13:30:20'),
(755, 2, 'PPCD9', 'Parlante para Computador D9', 'vistas/img/productos/default/anonymous.png', 2, 25000, 0, 0, '2025-03-06 13:30:20'),
(756, 2, 'PTJ173', 'Parlante TJ173', 'vistas/img/productos/default/anonymous.png', 1, 20000, 0, 0, '2025-03-06 13:30:20'),
(757, 2, 'PTYGTG352', 'Parlante TYG TG-352', 'vistas/img/productos/default/anonymous.png', 1, 20000, 0, 0, '2025-03-06 13:30:20'),
(758, 2, 'PTYGTG536', 'Parlante TYG TG-536', 'vistas/img/productos/default/anonymous.png', 6, 20000, 0, 0, '2025-03-06 13:30:20'),
(759, 2, 'PKM328', 'Plancha Kemey KM-328', 'vistas/img/productos/default/anonymous.png', 1, 30000, 0, 0, '2025-03-06 13:30:20'),
(760, 2, 'PKKM911', 'Plancha Kemey KM-911', 'vistas/img/productos/default/anonymous.png', 1, 30000, 0, 0, '2025-03-06 13:30:20'),
(761, 2, 'PRRE2077', 'Plancha Remilton RE-2077', 'vistas/img/productos/default/anonymous.png', 1, 30000, 0, 0, '2025-03-06 13:30:20'),
(762, 2, 'RNR1490', 'Radio Nanotec R 1490', 'vistas/img/productos/default/anonymous.png', 2, 30000, 0, 0, '2025-03-06 13:30:20'),
(763, 2, 'RNR1175', 'Radio Nanotec R1175', 'vistas/img/productos/default/anonymous.png', 1, 25000, 0, 0, '2025-03-06 13:30:20'),
(764, 2, 'RSR100', 'Radio Sonivox R100', 'vistas/img/productos/default/anonymous.png', 1, 30000, 0, 0, '2025-03-06 13:30:20');
INSERT INTO `productos` (`id`, `id_categoria`, `codigo`, `descripcion`, `imagen`, `stock`, `precio_compra`, `precio_venta`, `ventas`, `fecha`) VALUES
(765, 2, 'RSR104', 'Radio Sonivox R104', 'vistas/img/productos/default/anonymous.png', 1, 15000, 0, 0, '2025-03-06 13:30:20'),
(766, 2, 'SD2008', 'Secador Daebo 2008', 'vistas/img/productos/default/anonymous.png', 1, 60000, 0, 0, '2025-03-06 13:30:20'),
(767, 2, 'SKKM5816', 'Secador Kemey KM-5816', 'vistas/img/productos/default/anonymous.png', 1, 35000, 0, 0, '2025-03-06 13:30:20'),
(768, 2, 'SNNV9006', 'Secador Nova NV-9006', 'vistas/img/productos/default/anonymous.png', 1, 25000, 0, 0, '2025-03-06 13:30:20'),
(769, 2, 'SNVIG9105', 'Secador Nova VIG-9105', 'vistas/img/productos/default/anonymous.png', 1, 25000, 0, 0, '2025-03-06 13:30:20'),
(770, 2, 'SR2003', 'Secador Remington 2003', 'vistas/img/productos/default/anonymous.png', 2, 25000, 0, 0, '2025-03-06 13:30:20'),
(771, 2, 'SR2020', 'Secador Remington 2020', 'vistas/img/productos/default/anonymous.png', 1, 35000, 0, 0, '2025-03-06 13:30:20'),
(772, 2, 'SR2056', 'Secador Remington 2056', 'vistas/img/productos/default/anonymous.png', 2, 35000, 0, 0, '2025-03-06 13:30:20'),
(773, 2, 'SROPAC2015', 'Secador Remington Original Pro AC-2015', 'vistas/img/productos/default/anonymous.png', 1, 110000, 0, 0, '2025-03-06 13:30:20'),
(774, 2, 'SSL7800', 'Secador Super Look 7800', 'vistas/img/productos/default/anonymous.png', 1, 100000, 0, 0, '2025-03-06 13:30:20'),
(775, 2, 'SVPRE2052', 'Secador Vivaliss Pro RE-2052', 'vistas/img/productos/default/anonymous.png', 1, 40000, 0, 0, '2025-03-06 13:30:20'),
(776, 2, 'TECIGHT1105', 'Teatro en Casa IG HT1105', 'vistas/img/productos/default/anonymous.png', 1, 50000, 0, 0, '2025-03-06 13:30:20'),
(777, 2, 'TPADL', 'Trípode para Aro de Luz', 'vistas/img/productos/default/anonymous.png', 11, 10000, 0, 0, '2025-03-06 13:30:20'),
(778, 3, 'AJ0553', 'Astronauta J0553', 'vistas/img/productos/default/anonymous.png', 11, 55000, 0, 0, '2025-03-06 13:30:20'),
(779, 3, 'CP2', 'Cámara P2', 'vistas/img/productos/default/anonymous.png', 1, 140000, 0, 0, '2025-03-06 13:30:20'),
(780, 3, 'CSCC4K', 'Cámara Sport con Control 4K', 'vistas/img/productos/default/anonymous.png', 2, 70000, 0, 0, '2025-03-06 13:30:20'),
(781, 3, 'CCIP', 'Cepillo Conair Infiniti Pro', 'vistas/img/productos/default/anonymous.png', 1, 140000, 0, 0, '2025-03-06 13:30:20'),
(782, 3, 'CPR', 'Controles para Rocku', 'vistas/img/productos/default/anonymous.png', 6, 10000, 0, 0, '2025-03-06 13:30:20'),
(783, 3, 'MLC1TE', 'Manos Libres para C1 Tipo Escolta', 'vistas/img/productos/default/anonymous.png', 46, 15000, 0, 12, '2025-03-07 23:44:44'),
(784, 3, 'B16U', 'Micrófono Inalámbrico Universal B16 U', 'vistas/img/productos/default/anonymous.png', 1, 40000, 0, 0, '2025-03-06 13:30:20'),
(785, 3, 'PPSW', 'Pulsos para Smart Watch', 'vistas/img/productos/default/anonymous.png', 6, 10000, 0, 0, '2025-03-06 13:30:20'),
(786, 3, 'RNA302', 'Radio Nia A302', 'vistas/img/productos/default/anonymous.png', 2, 40000, 0, 0, '2025-03-06 13:30:20'),
(787, 3, 'RRGG1207', 'Radio Reloj Gynipot G1207', 'vistas/img/productos/default/anonymous.png', 2, 35000, 0, 0, '2025-03-06 13:30:20'),
(788, 3, 'TDAX1', 'Tomas de Alexa X 1', 'vistas/img/productos/default/anonymous.png', 13, 20000, 0, 0, '2025-03-06 13:30:20'),
(789, 1, 'RSP27', 'Radio Sony P27', 'vistas/img/productos/default/anonymous.png', 3, 170000, 0, 1, '2025-03-07 23:47:35'),
(790, 1, 'MJY760P', 'Masajeador JY 760 Plus', 'vistas/img/productos/default/anonymous.png', 2, 45000, 0, 0, '2025-03-07 21:37:21'),
(791, 1, 'PMYMTD063US', 'Parlantes MYM TD063US', 'vistas/img/productos/default/anonymous.png', 11, 15000, 0, 1, '2025-03-07 23:24:42'),
(792, 1, 'CRCDV', 'Control Rocku Comando de Voz', 'vistas/img/productos/default/anonymous.png', 1, 50000, 0, 0, '2025-03-07 21:39:11'),
(793, 1, 'RRPAJT330', 'Radio Reloj Phillips AJT330', 'vistas/img/productos/default/anonymous.png', 1, 60000, 0, 0, '2025-03-07 21:42:35'),
(794, 1, 'PBR50000MAH', 'PowerBank Ramitech 50000mAh', 'vistas/img/productos/default/anonymous.png', 3, 105000, 0, 0, '2025-03-07 21:43:25'),
(795, 1, 'PBK30000MAHKN01', 'PowerBank Kinotec 30000mAh KN91', 'vistas/img/productos/default/anonymous.png', 2, 75000, 0, 0, '2025-03-07 21:44:14'),
(796, 1, 'PBH20000MAHPB610', 'PowerBank Harvic 20000mAh PB610', 'vistas/img/productos/default/anonymous.png', 2, 55000, 0, 1, '2025-03-07 23:39:56'),
(797, 1, 'RX', 'Router Xioami', 'vistas/img/productos/default/anonymous.png', 1, 25000, 0, 0, '2025-03-07 21:45:57'),
(798, 1, 'MP3GPX8GB', 'MP3 GPX 8Gb', 'vistas/img/productos/default/anonymous.png', 1, 135000, 0, 0, '2025-03-07 21:47:07'),
(799, 1, 'ANEWESTM10', 'Audífonos NEWEST M10', 'vistas/img/productos/default/anonymous.png', 5, 15000, 0, 0, '2025-03-07 21:50:14'),
(800, 1, 'ALLP13', 'Audífonos Lenovo LP13', 'vistas/img/productos/default/anonymous.png', 2, 30000, 0, 0, '2025-03-07 21:51:05'),
(801, 1, 'AALTDT', 'Antenas Aéreas Lazer TDT', 'vistas/img/productos/default/anonymous.png', 2, 45000, 0, 0, '2025-03-07 21:52:21'),
(802, 1, 'BVAAA', 'Baterías Varta AAA', 'vistas/img/productos/default/anonymous.png', 10, 2000, 0, 0, '2025-03-07 21:55:58'),
(803, 1, 'TASDUO280', 'Teléfono Alcatel DUO S280', 'vistas/img/productos/default/anonymous.png', 1, 150000, 0, 0, '2025-03-07 21:57:36'),
(804, 1, 'TLM9', 'Tablet Lenovo M9', 'vistas/img/productos/default/anonymous.png', 4, 400000, 0, 0, '2025-03-07 21:59:06'),
(805, 1, 'RZTESC', 'Router ZTE Sim Card', 'vistas/img/productos/default/anonymous.png', 0, 115000, 0, 4, '2025-03-07 22:10:06'),
(806, 1, 'BPC1', 'Baterías para C1', 'vistas/img/productos/default/anonymous.png', 0, 6000, 0, 2, '2025-03-07 22:16:21'),
(807, 1, 'CPC1', 'Cargadores para C1', 'vistas/img/productos/default/anonymous.png', 0, 15000, 0, 6, '2025-03-07 22:18:06'),
(808, 1, 'ASAIRBUDS3', 'Audífonos Samsung Air Buds 3', 'vistas/img/productos/default/anonymous.png', 0, 260000, 0, 1, '2025-03-07 22:23:17');

-- --------------------------------------------------------

--
-- Estructura de tabla para la tabla `usuarios`
--

CREATE TABLE `usuarios` (
  `id` int(11) NOT NULL,
  `nombre` text NOT NULL,
  `usuario` text NOT NULL,
  `password` text NOT NULL,
  `perfil` text NOT NULL,
  `foto` text NOT NULL,
  `estado` int(11) NOT NULL,
  `ultimo_login` datetime NOT NULL,
  `fecha` timestamp NOT NULL DEFAULT current_timestamp() ON UPDATE current_timestamp()
) ENGINE=InnoDB DEFAULT CHARSET=utf8 COLLATE=utf8_spanish_ci;

--
-- Volcado de datos para la tabla `usuarios`
--

INSERT INTO `usuarios` (`id`, `nombre`, `usuario`, `password`, `perfil`, `foto`, `estado`, `ultimo_login`, `fecha`) VALUES
(1, 'Wilmer Medina', 'wilmer321', '$2a$07$asxx54ahjppf45sd87a5auKh5RGUziHt/owhLE1xJ1mpjPefnsHQC', 'Administrador', 'vistas/img/usuarios/default/anonymous.png', 1, '2025-03-07 17:06:16', '2025-03-07 22:06:16'),
(67, 'Giovanny Murcia', 'giomurcia', '$2a$07$asxx54ahjppf45sd87a5auqU6fRKZIiQIIZq/PPjjqqGVWcjRZl4.', 'Vendedor', '', 1, '2025-03-07 17:06:37', '2025-03-07 22:06:37');

-- --------------------------------------------------------

--
-- Estructura de tabla para la tabla `ventas`
--

CREATE TABLE `ventas` (
  `id` int(11) NOT NULL,
  `codigo` int(11) NOT NULL,
  `id_cliente` int(11) NOT NULL,
  `id_vendedor` int(11) NOT NULL,
  `productos` text NOT NULL,
  `impuesto` float NOT NULL,
  `neto` float NOT NULL,
  `total` float NOT NULL,
  `precio_venta` decimal(10,2) NOT NULL,
  `metodo_pago` text NOT NULL,
  `fecha` timestamp NOT NULL DEFAULT current_timestamp() ON UPDATE current_timestamp(),
  `clienTe_descripcion` text DEFAULT NULL
) ENGINE=InnoDB DEFAULT CHARSET=utf8 COLLATE=utf8_spanish_ci;

--
-- Volcado de datos para la tabla `ventas`
--

INSERT INTO `ventas` (`id`, `codigo`, `id_cliente`, `id_vendedor`, `productos`, `impuesto`, `neto`, `total`, `precio_venta`, `metodo_pago`, `fecha`, `clienTe_descripcion`) VALUES
(71, 1, 0, 1, '[{\"id\":\"41\",\"descripcion\":\"Audífonos Brightside BSE-801\",\"cantidad\":\"1\",\"stock\":\"0\",\"precio\":\"30000\",\"total\":30000}]', 0, 30000, 30000, 30.00, 'Efectivo', '2025-02-26 22:02:37', ''),
(72, 2, 0, 67, '[{\"id\":\"805\",\"descripcion\":\"Router ZTE Sim Card\",\"cantidad\":\"4\",\"stock\":\"0\",\"precio\":\"140000\",\"total\":560000}]', 0, 560000, 560000, 140.00, 'Efectivo', '2025-02-26 22:02:37', ''),
(73, 3, 0, 1, '[{\"id\":\"125\",\"descripcion\":\"Audífonos Sony XB400\",\"cantidad\":\"1\",\"stock\":\"0\",\"precio\":\"30000\",\"total\":30000}]', 0, 30000, 30000, 30.00, 'Efectivo', '2025-02-26 22:02:37', ''),
(74, 4, 0, 1, '[{\"id\":\"247\",\"descripcion\":\"Convertidor Smart Skyworth 4K\",\"cantidad\":\"6\",\"stock\":\"8\",\"precio\":\"125000\",\"total\":750000}]', 0, 750000, 750000, 125.00, 'Efectivo', '2025-02-26 22:02:37', ''),
(75, 5, 0, 67, '[{\"id\":\"591\",\"descripcion\":\"Radio de Comunicación Motorola C1\",\"cantidad\":\"12\",\"stock\":\"142\",\"precio\":\"135000\",\"total\":1620000}]', 0, 1620000, 1620000, 135.00, 'Efectivo', '2025-02-26 22:02:37', ''),
(76, 6, 0, 67, '[{\"id\":\"806\",\"descripcion\":\"Baterías para C1\",\"cantidad\":\"2\",\"stock\":\"0\",\"precio\":\"26000\",\"total\":52000}]', 0, 52000, 52000, 26.00, 'Efectivo', '2025-02-26 22:02:37', ''),
(77, 7, 0, 67, '[{\"id\":\"807\",\"descripcion\":\"Cargadores para C1\",\"cantidad\":\"6\",\"stock\":\"0\",\"precio\":\"21666.67\",\"total\":130000.01999999999}]', 0, 130000, 130000, 21.00, 'Efectivo', '2025-02-26 22:02:37', ''),
(78, 8, 0, 67, '[{\"id\":\"592\",\"descripcion\":\"Radio de Comunicación Motorola C6\",\"cantidad\":\"6\",\"stock\":\"1\",\"precio\":\"140000\",\"total\":840000}]', 0, 840000, 840000, 140.00, 'Efectivo', '2025-02-26 22:02:37', ''),
(79, 9, 0, 1, '[{\"id\":\"286\",\"descripcion\":\"Grabadora Tipo Periodista Sony Usadas 440\",\"cantidad\":\"1\",\"stock\":\"30\",\"precio\":\"90000\",\"total\":90000}]', 0, 90000, 90000, 90.00, 'Efectivo', '2025-02-26 22:02:37', ''),
(80, 10, 0, 1, '[{\"id\":\"808\",\"descripcion\":\"Audífonos Samsung Air Buds 3\",\"cantidad\":\"1\",\"stock\":\"0\",\"precio\":\"300000\",\"total\":300000}]', 0, 300000, 300000, 300.00, 'Efectivo', '2025-02-26 22:02:37', ''),
(81, 11, 0, 67, '[{\"id\":\"199\",\"descripcion\":\"Cámara Robótica 3 Antenas\",\"cantidad\":\"1\",\"stock\":\"11\",\"precio\":\"50000\",\"total\":50000}]', 0, 50000, 50000, 50.00, 'Efectivo', '2025-02-26 22:02:37', ''),
(82, 12, 0, 1, '[{\"id\":\"733\",\"descripcion\":\"TV Box Nanotec J16\",\"cantidad\":\"1\",\"stock\":\"3\",\"precio\":\"100000\",\"total\":100000}]', 0, 100000, 100000, 100.00, 'Efectivo', '2025-02-26 22:02:37', ''),
(83, 13, 0, 1, '[{\"id\":\"65\",\"descripcion\":\"Audífonos JBL Tune 520\",\"cantidad\":\"55\",\"stock\":\"4\",\"precio\":\"156363.64\",\"total\":8600000.200000001}]', 0, 8600000, 8600000, 156.00, 'Efectivo', '2025-02-27 22:30:16', ''),
(84, 14, 0, 1, '[{\"id\":\"389\",\"descripcion\":\"Parlante Alexa Echo Dot 5ta Generación\",\"cantidad\":\"1\",\"stock\":\"14\",\"precio\":\"185000\",\"total\":185000}]', 0, 185000, 185000, 185.00, 'Efectivo', '2025-02-27 22:30:16', ''),
(85, 15, 0, 67, '[{\"id\":\"366\",\"descripcion\":\"Mouse Gamer Inalámbrico\",\"cantidad\":\"1\",\"stock\":\"5\",\"precio\":\"35000\",\"total\":35000}]', 0, 35000, 35000, 35.00, 'Efectivo', '2025-02-27 22:30:16', ''),
(86, 16, 0, 67, '[{\"id\":\"572\",\"descripcion\":\"PowerBank Harvic 10000 mAh\",\"cantidad\":\"1\",\"stock\":\"4\",\"precio\":\"55000\",\"total\":55000}]', 0, 55000, 55000, 55.00, 'Efectivo', '2025-02-27 22:30:16', ''),
(87, 17, 0, 67, '[{\"id\":\"47\",\"descripcion\":\"Audífonos de Diadema Shuer SE-5222\",\"cantidad\":\"2\",\"stock\":\"2\",\"precio\":\"25000\",\"total\":50000}]', 0, 50000, 50000, 25.00, 'Efectivo', '2025-02-27 22:30:16', ''),
(88, 18, 0, 67, '[{\"id\":\"600\",\"descripcion\":\"Radio Greatnice GTS 1737\",\"cantidad\":\"1\",\"stock\":\"2\",\"precio\":\"50000\",\"total\":50000}]', 0, 50000, 50000, 50.00, 'Efectivo', '2025-02-27 22:30:16', ''),
(89, 19, 0, 67, '[{\"id\":\"384\",\"descripcion\":\"Onn Watch HD\",\"cantidad\":\"1\",\"stock\":\"35\",\"precio\":\"120000\",\"total\":120000}]', 0, 120000, 120000, 120.00, 'Efectivo', '2025-02-27 22:30:16', ''),
(90, 20, 0, 67, '[{\"id\":\"592\",\"descripcion\":\"Radio de Comunicación Motorola C6\",\"cantidad\":\"6\",\"stock\":\"1\",\"precio\":\"140000\",\"total\":840000}]', 0, 840000, 840000, 140.00, 'Efectivo', '2025-02-27 22:30:16', ''),
(91, 21, 0, 67, '[{\"id\":\"592\",\"descripcion\":\"Radio de Comunicación Motorola C6\",\"cantidad\":\"2\",\"stock\":\"1\",\"precio\":\"140000\",\"total\":280000}]', 0, 280000, 280000, 140.00, 'Efectivo', '2025-02-27 22:30:16', ''),
(92, 22, 0, 67, '[{\"id\":\"247\",\"descripcion\":\"Convertidor Smart Skyworth 4K\",\"cantidad\":\"1\",\"stock\":\"7\",\"precio\":\"150000\",\"total\":150000}]', 0, 150000, 150000, 150.00, 'Efectivo', '2025-02-27 22:30:16', ''),
(93, 23, 0, 67, '[{\"id\":\"142\",\"descripcion\":\"Base de Computador Madera\",\"cantidad\":\"3\",\"stock\":\"0\",\"precio\":\"50000\",\"total\":150000}]', 0, 150000, 150000, 50.00, 'Efectivo', '2025-02-27 22:30:16', ''),
(94, 24, 0, 67, '[{\"id\":\"254\",\"descripcion\":\"Disco Duro Toshiba 1TB\",\"cantidad\":\"1\",\"stock\":\"2\",\"precio\":\"230000\",\"total\":230000}]', 0, 230000, 230000, 230.00, 'Efectivo', '2025-02-27 22:30:16', ''),
(95, 25, 0, 67, '[{\"id\":\"632\",\"descripcion\":\"Radio Yuegan F10U\",\"cantidad\":\"1\",\"stock\":\"9\",\"precio\":\"45000\",\"total\":45000}]', 0, 45000, 45000, 45.00, 'Efectivo', '2025-02-27 22:30:16', ''),
(96, 26, 0, 67, '[{\"id\":\"267\",\"descripcion\":\"Fire TV Stick 4K\",\"cantidad\":\"1\",\"stock\":\"6\",\"precio\":\"160000\",\"total\":160000}]', 0, 160000, 160000, 160.00, 'Efectivo', '2025-02-27 22:30:16', ''),
(97, 27, 0, 67, '[{\"id\":\"384\",\"descripcion\":\"Onn Watch HD\",\"cantidad\":\"1\",\"stock\":\"34\",\"precio\":\"120000\",\"total\":120000}]', 0, 120000, 120000, 120.00, 'Efectivo', '2025-02-27 22:30:16', ''),
(98, 28, 0, 1, '[{\"id\":\"716\",\"descripcion\":\"TDT Krono\",\"cantidad\":\"10\",\"stock\":\"25\",\"precio\":\"40000\",\"total\":400000}]', 0, 400000, 400000, 40.00, 'Efectivo', '2025-02-28 22:40:50', ''),
(99, 29, 0, 1, '[{\"id\":\"393\",\"descripcion\":\"Parlante Alexa Echo Show 5 Pulgadas\",\"cantidad\":\"1\",\"stock\":\"9\",\"precio\":\"300000\",\"total\":300000}]', 0, 300000, 300000, 300.00, 'Efectivo', '2025-02-28 22:40:50', ''),
(100, 30, 0, 1, '[{\"id\":\"640\",\"descripcion\":\"Roku Express 4K\",\"cantidad\":\"1\",\"stock\":\"2\",\"precio\":\"140000\",\"total\":140000}]', 0, 140000, 140000, 140.00, 'Efectivo', '2025-02-28 22:40:50', ''),
(101, 31, 0, 1, '[{\"id\":\"383\",\"descripcion\":\"Onn Watch 4K\",\"cantidad\":\"1\",\"stock\":\"17\",\"precio\":\"130000\",\"total\":130000}]', 0, 130000, 130000, 130.00, 'Efectivo', '2025-02-28 22:40:50', ''),
(102, 32, 0, 1, '[{\"id\":\"389\",\"descripcion\":\"Parlante Alexa Echo Dot 5ta Generación\",\"cantidad\":\"1\",\"stock\":\"13\",\"precio\":\"180000\",\"total\":180000}]', 0, 180000, 180000, 180.00, 'Efectivo', '2025-02-28 22:40:50', ''),
(103, 33, 0, 1, '[{\"id\":\"283\",\"descripcion\":\"Grabadora Tipo Periodista Digital de 8GB\",\"cantidad\":\"1\",\"stock\":\"3\",\"precio\":\"100000\",\"total\":100000}]', 0, 100000, 100000, 100.00, 'Efectivo', '2025-02-28 22:40:50', ''),
(104, 34, 0, 67, '[{\"id\":\"591\",\"descripcion\":\"Radio de Comunicación Motorola C1\",\"cantidad\":\"1\",\"stock\":\"141\",\"precio\":\"140000\",\"total\":140000}]', 0, 140000, 140000, 140.00, 'Efectivo', '2025-02-28 22:40:50', ''),
(105, 35, 0, 67, '[{\"id\":\"20\",\"descripcion\":\"Afeitadora VGR V332\",\"cantidad\":\"1\",\"stock\":\"3\",\"precio\":\"105000\",\"total\":105000}]', 0, 105000, 105000, 105.00, 'Efectivo', '2025-02-28 22:40:50', ''),
(106, 36, 0, 67, '[{\"id\":\"235\",\"descripcion\":\"Chromecast HD\",\"cantidad\":\"2\",\"stock\":\"0\",\"precio\":\"240000\",\"total\":480000}]', 0, 480000, 480000, 240.00, 'Efectivo', '2025-02-28 22:40:50', ''),
(107, 37, 0, 67, '[{\"id\":\"426\",\"descripcion\":\"Parlante JBL Charge 5\",\"cantidad\":\"1\",\"stock\":\"5\",\"precio\":\"570000\",\"total\":570000}]', 0, 570000, 570000, 570.00, 'Efectivo', '2025-02-28 22:40:50', ''),
(108, 38, 0, 1, '[{\"id\":\"430\",\"descripcion\":\"Parlante JBL Go 2\",\"cantidad\":\"1\",\"stock\":\"9\",\"precio\":\"100000\",\"total\":100000}]', 0, 100000, 100000, 100.00, '', '2025-03-01 22:54:15', ''),
(109, 39, 0, 1, '[{\"id\":\"395\",\"descripcion\":\"Parlante Alexa Echo Spot\",\"cantidad\":\"1\",\"stock\":\"5\",\"precio\":\"285000\",\"total\":285000}]', 0, 285000, 285000, 285.00, '', '2025-03-01 22:54:15', ''),
(110, 40, 0, 1, '[{\"id\":\"698\",\"descripcion\":\"Tablet Amazon Fire HD 8 Pulgadas\",\"cantidad\":\"1\",\"stock\":\"2\",\"precio\":\"300000\",\"total\":300000}]', 0, 300000, 300000, 300.00, '', '2025-03-01 22:54:15', ''),
(111, 41, 0, 1, '[{\"id\":\"30\",\"descripcion\":\"Audífonos AirPods con Pantalla ANC ENC\",\"cantidad\":\"1\",\"stock\":\"6\",\"precio\":\"70000\",\"total\":70000}]', 0, 70000, 70000, 70.00, '', '2025-03-01 22:54:15', ''),
(112, 42, 0, 1, '[{\"id\":\"734\",\"descripcion\":\"TV Box Xioami 4K\",\"cantidad\":\"1\",\"stock\":\"4\",\"precio\":\"200000\",\"total\":200000}]', 0, 200000, 200000, 200.00, '', '2025-03-01 22:54:15', ''),
(113, 43, 0, 1, '[{\"id\":\"394\",\"descripcion\":\"Parlante Alexa Echo Show 5ta Generación\",\"cantidad\":\"1\",\"stock\":\"1\",\"precio\":\"300000\",\"total\":300000}]', 0, 300000, 300000, 300.00, '', '2025-03-01 22:54:15', ''),
(114, 44, 0, 1, '[{\"id\":\"273\",\"descripcion\":\"Game TV Stick 8k\",\"cantidad\":\"1\",\"stock\":\"6\",\"precio\":\"160000\",\"total\":160000}]', 0, 160000, 160000, 160.00, '', '2025-03-01 22:54:15', ''),
(115, 45, 0, 1, '[{\"id\":\"223\",\"descripcion\":\"Cargadores de Pila Beston y Maxuss 1500 mAh\",\"cantidad\":\"1\",\"stock\":\"10\",\"precio\":\"40000\",\"total\":40000}]', 0, 40000, 40000, 40.00, '', '2025-03-01 22:54:15', ''),
(116, 46, 0, 1, '[{\"id\":\"705\",\"descripcion\":\"Tablet Krono Net X2\",\"cantidad\":\"1\",\"stock\":\"13\",\"precio\":\"420000\",\"total\":420000}]', 0, 420000, 420000, 420.00, '', '2025-03-01 22:54:15', ''),
(117, 47, 0, 1, '[{\"id\":\"199\",\"descripcion\":\"Cámara Robótica 3 Antenas\",\"cantidad\":\"2\",\"stock\":\"9\",\"precio\":\"50000\",\"total\":100000}]', 0, 100000, 100000, 50.00, '', '2025-03-01 22:54:15', ''),
(118, 48, 0, 1, '[{\"id\":\"314\",\"descripcion\":\"Memoria Micro SD Harvic 16Gb \",\"cantidad\":\"2\",\"stock\":\"29\",\"precio\":\"20000\",\"total\":40000}]', 0, 40000, 40000, 20.00, '', '2025-03-01 22:54:15', ''),
(119, 49, 0, 1, '[{\"id\":\"355\",\"descripcion\":\"Micrófonos para Celular K8\",\"cantidad\":\"1\",\"stock\":\"3\",\"precio\":\"30000\",\"total\":30000}]', 0, 30000, 30000, 30.00, '', '2025-03-01 22:54:15', ''),
(120, 50, 0, 67, '[{\"id\":\"783\",\"descripcion\":\"Manos Libres para C1 Tipo Escolta\",\"cantidad\":\"2\",\"stock\":\"56\",\"precio\":\"20000\",\"total\":40000}]', 0, 40000, 40000, 20.00, 'Efectivo', '2025-03-01 22:54:15', ''),
(121, 51, 0, 67, '[{\"id\":\"212\",\"descripcion\":\"Cámara Wi-Fi Q11\",\"cantidad\":\"1\",\"stock\":\"3\",\"precio\":\"60000\",\"total\":60000}]', 0, 60000, 60000, 60.00, '', '2025-03-01 22:54:15', ''),
(122, 52, 0, 67, '[{\"id\":\"409\",\"descripcion\":\"Parlante Echo Dot Kids\",\"cantidad\":\"1\",\"stock\":\"2\",\"precio\":\"220000\",\"total\":220000}]', 0, 220000, 220000, 220.00, '', '2025-03-01 22:54:15', ''),
(123, 53, 0, 67, '[{\"id\":\"426\",\"descripcion\":\"Parlante JBL Charge 5\",\"cantidad\":\"1\",\"stock\":\"4\",\"precio\":\"560000\",\"total\":560000}]', 0, 560000, 560000, 560.00, '', '2025-03-01 22:54:15', ''),
(124, 54, 0, 67, '[{\"id\":\"384\",\"descripcion\":\"Onn Watch HD\",\"cantidad\":\"2\",\"stock\":\"32\",\"precio\":\"115000\",\"total\":230000}]', 0, 230000, 230000, 115.00, '', '2025-03-01 22:54:15', ''),
(125, 55, 0, 67, '[{\"id\":\"362\",\"descripcion\":\"Mouse Ergonómico Alámbrico\",\"cantidad\":\"1\",\"stock\":\"6\",\"precio\":\"30000\",\"total\":30000}]', 0, 30000, 30000, 30.00, '', '2025-03-01 22:54:15', ''),
(126, 56, 0, 67, '[{\"id\":\"268\",\"descripcion\":\"FIRE TV Stick HD\",\"cantidad\":\"1\",\"stock\":\"7\",\"precio\":\"130000\",\"total\":130000}]', 0, 130000, 130000, 130.00, '', '2025-03-01 22:54:15', ''),
(127, 57, 0, 67, '[{\"id\":\"148\",\"descripcion\":\"Batería para Iphone\",\"cantidad\":\"1\",\"stock\":\"0\",\"precio\":\"60000\",\"total\":60000}]', 0, 60000, 60000, 60.00, '', '2025-03-01 22:54:15', ''),
(128, 58, 0, 67, '[{\"id\":\"384\",\"descripcion\":\"Onn Watch HD\",\"cantidad\":\"1\",\"stock\":\"31\",\"precio\":\"120000\",\"total\":120000},{\"id\":\"358\",\"descripcion\":\"Mini Speaker Parlante Bluetooth WS-887\",\"cantidad\":\"1\",\"stock\":\"68\",\"precio\":\"20000\",\"total\":20000},{\"id\":\"258\",\"descripcion\":\"DVD 168\",\"cantidad\":\"1\",\"stock\":\"2\",\"precio\":\"90000\",\"total\":90000},{\"id\":\"394\",\"descripcion\":\"Parlante Alexa Echo Show 5ta Generación\",\"cantidad\":\"1\",\"stock\":\"0\",\"precio\":\"300000\",\"total\":300000}]', 0, 530000, 530000, 300.00, '', '2025-03-02 23:21:26', ''),
(129, 59, 0, 67, '[{\"id\":\"646\",\"descripcion\":\"Router N300 Ruijie\",\"cantidad\":\"1\",\"stock\":\"8\",\"precio\":\"95000\",\"total\":95000},{\"id\":\"384\",\"descripcion\":\"Onn Watch HD\",\"cantidad\":\"2\",\"stock\":\"29\",\"precio\":\"120000\",\"total\":240000}]', 0, 335000, 0, 120.00, '', '2025-03-02 23:21:26', ''),
(130, 60, 0, 67, '[{\"id\":\"224\",\"descripcion\":\"Cargadores de Pila Ironbat 3600 mAh\",\"cantidad\":\"2\",\"stock\":\"0\",\"precio\":\"40000\",\"total\":80000},{\"id\":\"268\",\"descripcion\":\"FIRE TV Stick HD\",\"cantidad\":\"1\",\"stock\":\"6\",\"precio\":\"140000\",\"total\":140000},{\"id\":\"791\",\"descripcion\":\"Parlantes MYM TD063US\",\"cantidad\":\"1\",\"stock\":\"11\",\"precio\":\"45000\",\"total\":45000},{\"id\":\"712\",\"descripcion\":\"Tablet Smart King Tab S25 \",\"cantidad\":\"1\",\"stock\":\"1\",\"precio\":\"400000\",\"total\":400000}]', 0, 665000, 665000, 400.00, '', '2025-03-02 23:21:26', ''),
(131, 61, 0, 67, '[{\"id\":\"79\",\"descripcion\":\"Audífonos Maxell Airlink\",\"cantidad\":\"1\",\"stock\":\"2\",\"precio\":\"125000\",\"total\":125000},{\"id\":\"150\",\"descripcion\":\"Batería Recargable Sony AA 2700 mAh \",\"cantidad\":\"2\",\"stock\":\"12\",\"precio\":\"15000\",\"total\":30000},{\"id\":\"247\",\"descripcion\":\"Convertidor Smart Skyworth 4K\",\"cantidad\":\"1\",\"stock\":\"6\",\"precio\":\"110000\",\"total\":110000},{\"id\":\"591\",\"descripcion\":\"Radio de Comunicación Motorola C1\",\"cantidad\":\"3\",\"stock\":\"138\",\"precio\":\"135000\",\"total\":405000},{\"id\":\"783\",\"descripcion\":\"Manos Libres para C1 Tipo Escolta\",\"cantidad\":\"4\",\"stock\":\"52\",\"precio\":\"20000\",\"total\":80000}]', 0, 750000, 750000, 20.00, '', '2025-03-03 23:27:32', ''),
(132, 62, 0, 67, '[{\"id\":\"247\",\"descripcion\":\"Convertidor Smart Skyworth 4K\",\"cantidad\":\"1\",\"stock\":\"5\",\"precio\":\"140000\",\"total\":140000},{\"id\":\"175\",\"descripcion\":\"Cables para Celular\",\"cantidad\":\"1\",\"stock\":\"58\",\"precio\":\"10000\",\"total\":10000},{\"id\":\"591\",\"descripcion\":\"Radio de Comunicación Motorola C1\",\"cantidad\":\"7\",\"stock\":\"131\",\"precio\":\"146000\",\"total\":1022000},{\"id\":\"360\",\"descripcion\":\"Molino de Café NM-8300\",\"cantidad\":\"1\",\"stock\":\"0\",\"precio\":\"35000\",\"total\":35000},{\"id\":\"429\",\"descripcion\":\"Parlante JBL Flip 6\",\"cantidad\":\"1\",\"stock\":\"5\",\"precio\":\"390000\",\"total\":390000},{\"id\":\"384\",\"descripcion\":\"Onn Watch HD\",\"cantidad\":\"1\",\"stock\":\"28\",\"precio\":\"120000\",\"total\":120000},{\"id\":\"115\",\"descripcion\":\"Audífonos Sony C500\",\"cantidad\":\"1\",\"stock\":\"2\",\"precio\":\"160000\",\"total\":160000}]', 0, 1877000, 1877000, 160.00, '', '2025-03-03 23:27:32', ''),
(133, 63, 0, 67, '[{\"id\":\"384\",\"descripcion\":\"Onn Watch HD\",\"cantidad\":\"1\",\"stock\":\"27\",\"precio\":\"110000\",\"total\":110000}]', 0, 110000, 110000, 110.00, '', '2025-03-03 23:27:32', ''),
(134, 64, 0, 1, '[{\"id\":\"30\",\"descripcion\":\"Audífonos AirPods con Pantalla ANC ENC\",\"cantidad\":\"1\",\"stock\":\"5\",\"precio\":\"70000\",\"total\":70000},{\"id\":\"402\",\"descripcion\":\"Parlante Charge 4 Réplica\",\"cantidad\":\"20\",\"stock\":\"22\",\"precio\":\"30000\",\"total\":600000},{\"id\":\"383\",\"descripcion\":\"Onn Watch 4K\",\"cantidad\":\"1\",\"stock\":\"16\",\"precio\":\"140000\",\"total\":140000},{\"id\":\"247\",\"descripcion\":\"Convertidor Smart Skyworth 4K\",\"cantidad\":\"1\",\"stock\":\"4\",\"precio\":\"125000\",\"total\":125000}]', 0, 935000, 0, 125.00, '', '2025-03-03 23:27:32', ''),
(135, 65, 0, 1, '[{\"id\":\"393\",\"descripcion\":\"Parlante Alexa Echo Show 5 Pulgadas\",\"cantidad\":\"1\",\"stock\":\"8\",\"precio\":\"300000\",\"total\":300000},{\"id\":\"286\",\"descripcion\":\"Grabadora Tipo Periodista Sony Usadas 440\",\"cantidad\":\"1\",\"stock\":\"29\",\"precio\":\"90000\",\"total\":90000},{\"id\":\"247\",\"descripcion\":\"Convertidor Smart Skyworth 4K\",\"cantidad\":\"2\",\"stock\":\"2\",\"precio\":\"125000\",\"total\":250000}]', 0, 640000, 640000, 125.00, '', '2025-03-03 23:27:32', ''),
(136, 66, 0, 67, '[{\"id\":\"293\",\"descripcion\":\"Interruptores Alexa X3\",\"cantidad\":\"7\",\"stock\":\"3\",\"precio\":\"55000\",\"total\":385000},{\"id\":\"291\",\"descripcion\":\"Interruptores Alexa X1\",\"cantidad\":\"4\",\"stock\":\"10\",\"precio\":\"50000\",\"total\":200000},{\"id\":\"415\",\"descripcion\":\"Parlante Google Next Mini\",\"cantidad\":\"1\",\"stock\":\"2\",\"precio\":\"170000\",\"total\":170000},{\"id\":\"591\",\"descripcion\":\"Radio de Comunicación Motorola C1\",\"cantidad\":\"1\",\"stock\":\"130\",\"precio\":\"140000\",\"total\":140000}]', 0, 895000, 895000, 140.00, '', '2025-03-04 23:36:03', ''),
(137, 67, 0, 1, '[{\"id\":\"384\",\"descripcion\":\"Onn Watch HD\",\"cantidad\":\"3\",\"stock\":\"24\",\"precio\":\"113333.34\",\"total\":340000.02},{\"id\":\"591\",\"descripcion\":\"Radio de Comunicación Motorola C1\",\"cantidad\":\"1\",\"stock\":\"129\",\"precio\":\"200000\",\"total\":200000},{\"id\":\"314\",\"descripcion\":\"Memoria Micro SD Harvic 16Gb \",\"cantidad\":\"1\",\"stock\":\"28\",\"precio\":\"15000\",\"total\":15000},{\"id\":\"185\",\"descripcion\":\"Cámara Espía Botón\",\"cantidad\":\"1\",\"stock\":\"4\",\"precio\":\"35000\",\"total\":35000}]', 0, 590000, 590000, 35.00, '', '2025-03-04 23:36:03', ''),
(138, 68, 0, 1, '[{\"id\":\"591\",\"descripcion\":\"Radio de Comunicación Motorola C1\",\"cantidad\":\"2\",\"stock\":\"127\",\"precio\":\"135000\",\"total\":270000},{\"id\":\"123\",\"descripcion\":\"Audífonos Sony WHCH 520 Original\",\"cantidad\":\"1\",\"stock\":\"5\",\"precio\":\"130000\",\"total\":130000},{\"id\":\"384\",\"descripcion\":\"Onn Watch HD\",\"cantidad\":\"2\",\"stock\":\"22\",\"precio\":\"110000\",\"total\":220000},{\"id\":\"247\",\"descripcion\":\"Convertidor Smart Skyworth 4K\",\"cantidad\":\"1\",\"stock\":\"1\",\"precio\":\"135000\",\"total\":135000},{\"id\":\"735\",\"descripcion\":\"USB Bluetooth\",\"cantidad\":\"1\",\"stock\":\"1\",\"precio\":\"15000\",\"total\":15000}]', 0, 770000, 770000, 15.00, '', '2025-03-04 23:36:03', ''),
(139, 69, 0, 67, '[{\"id\":\"796\",\"descripcion\":\"PowerBank Harvic 20000mAh PB610\",\"cantidad\":\"1\",\"stock\":\"2\",\"precio\":\"70000\",\"total\":70000},{\"id\":\"382\",\"descripcion\":\"Onn Réplica 4K\",\"cantidad\":\"1\",\"stock\":\"4\",\"precio\":\"110000\",\"total\":110000},{\"id\":\"783\",\"descripcion\":\"Manos Libres para C1 Tipo Escolta\",\"cantidad\":\"3\",\"stock\":\"49\",\"precio\":\"20000\",\"total\":60000}]', 0, 240000, 240000, 20.00, '', '2025-03-05 23:39:57', ''),
(140, 70, 0, 1, '[{\"id\":\"267\",\"descripcion\":\"Fire TV Stick 4K\",\"cantidad\":\"2\",\"stock\":\"4\",\"precio\":\"152500\",\"total\":305000},{\"id\":\"599\",\"descripcion\":\"Radio Grabadora Pu Xing PX-3600BT\",\"cantidad\":\"1\",\"stock\":\"0\",\"precio\":\"90000\",\"total\":90000},{\"id\":\"248\",\"descripcion\":\"Convertidor TV Stick Fly 8K\",\"cantidad\":\"1\",\"stock\":\"5\",\"precio\":\"100000\",\"total\":100000},{\"id\":\"76\",\"descripcion\":\"Audífonos M25\",\"cantidad\":\"1\",\"stock\":\"19\",\"precio\":\"65000\",\"total\":65000},{\"id\":\"247\",\"descripcion\":\"Convertidor Smart Skyworth 4K\",\"cantidad\":\"1\",\"stock\":\"0\",\"precio\":\"130000\",\"total\":130000},{\"id\":\"383\",\"descripcion\":\"Onn Watch 4K\",\"cantidad\":\"3\",\"stock\":\"13\",\"precio\":\"140000\",\"total\":420000},{\"id\":\"384\",\"descripcion\":\"Onn Watch HD\",\"cantidad\":\"3\",\"stock\":\"19\",\"precio\":\"120000\",\"total\":360000}]', 0, 1470000, 1470000, 120.00, '', '2025-03-05 23:39:57', ''),
(141, 71, 0, 67, '[{\"id\":\"783\",\"descripcion\":\"Manos Libres para C1 Tipo Escolta\",\"cantidad\":\"2\",\"stock\":\"47\",\"precio\":\"20000\",\"total\":40000},{\"id\":\"310\",\"descripcion\":\"Manos Libres para C1\",\"cantidad\":\"3\",\"stock\":\"28\",\"precio\":\"10000\",\"total\":30000},{\"id\":\"291\",\"descripcion\":\"Interruptores Alexa X1\",\"cantidad\":\"2\",\"stock\":\"8\",\"precio\":\"50000\",\"total\":100000},{\"id\":\"292\",\"descripcion\":\"Interruptores Alexa X2\",\"cantidad\":\"1\",\"stock\":\"8\",\"precio\":\"60000\",\"total\":60000},{\"id\":\"312\",\"descripcion\":\"Memoria Escandaloso 32Gb\",\"cantidad\":\"1\",\"stock\":\"3\",\"precio\":\"20000\",\"total\":20000}]', 0, 250000, 250000, 20.00, '', '2025-03-07 23:43:11', ''),
(142, 72, 0, 67, '[{\"id\":\"783\",\"descripcion\":\"Manos Libres para C1 Tipo Escolta\",\"cantidad\":\"1\",\"stock\":\"46\",\"precio\":\"20000\",\"total\":20000},{\"id\":\"591\",\"descripcion\":\"Radio de Comunicación Motorola C1\",\"cantidad\":\"3\",\"stock\":\"124\",\"precio\":\"140000\",\"total\":420000},{\"id\":\"514\",\"descripcion\":\"Patillera VGR V091\",\"cantidad\":\"1\",\"stock\":\"15\",\"precio\":\"80000\",\"total\":80000},{\"id\":\"345\",\"descripcion\":\"Micrófono NK MA-300\",\"cantidad\":\"2\",\"stock\":\"0\",\"precio\":\"20000\",\"total\":40000},{\"id\":\"355\",\"descripcion\":\"Micrófonos para Celular K8\",\"cantidad\":\"1\",\"stock\":\"2\",\"precio\":\"30000\",\"total\":30000}]', 0, 590000, 590000, 30.00, '', '2025-03-07 23:44:44', ''),
(143, 73, 0, 1, '[{\"id\":\"315\",\"descripcion\":\"Memoria Micro SD Harvic 32Gb \",\"cantidad\":\"1\",\"stock\":\"45\",\"precio\":\"20000\",\"total\":20000},{\"id\":\"314\",\"descripcion\":\"Memoria Micro SD Harvic 16Gb \",\"cantidad\":\"3\",\"stock\":\"25\",\"precio\":\"15000\",\"total\":45000},{\"id\":\"688\",\"descripcion\":\"Smart Watch Ultra 7 Pulsos\",\"cantidad\":\"1\",\"stock\":\"31\",\"precio\":\"75000\",\"total\":75000},{\"id\":\"660\",\"descripcion\":\"Secador Revlon 5005\",\"cantidad\":\"1\",\"stock\":\"2\",\"precio\":\"100000\",\"total\":100000},{\"id\":\"273\",\"descripcion\":\"Game TV Stick 8k\",\"cantidad\":\"1\",\"stock\":\"5\",\"precio\":\"130000\",\"total\":130000},{\"id\":\"697\",\"descripcion\":\"Tablet Alcatel 1T7\",\"cantidad\":\"1\",\"stock\":\"0\",\"precio\":\"180000\",\"total\":180000},{\"id\":\"789\",\"descripcion\":\"Radio Sony P27\",\"cantidad\":\"1\",\"stock\":\"3\",\"precio\":\"190000\",\"total\":190000},{\"id\":\"329\",\"descripcion\":\"Memoria USB Kingston 123Gb\",\"cantidad\":\"1\",\"stock\":\"1\",\"precio\":\"40000\",\"total\":40000},{\"id\":\"591\",\"descripcion\":\"Radio de Comunicación Motorola C1\",\"cantidad\":\"10\",\"stock\":\"114\",\"precio\":\"140000\",\"total\":1400000},{\"id\":\"234\",\"descripcion\":\"Chromecast 4K\",\"cantidad\":\"1\",\"stock\":\"1\",\"precio\":\"280000\",\"total\":280000},{\"id\":\"263\",\"descripcion\":\"Estuches de Control Chromecast\",\"cantidad\":\"1\",\"stock\":\"2\",\"precio\":\"15000\",\"total\":15000},{\"id\":\"135\",\"descripcion\":\"Audífonos Xioami Redmi Buds 6 Lite\",\"cantidad\":\"1\",\"stock\":\"0\",\"precio\":\"120000\",\"total\":120000}]', 0, 2595000, 2595000, 120.00, '', '2025-03-07 23:47:35', ''),
(144, 74, 0, 1, '[{\"id\":\"273\",\"descripcion\":\"Game TV Stick 8k\",\"cantidad\":\"1\",\"stock\":\"4\",\"precio\":\"120000\",\"total\":120000},{\"id\":\"644\",\"descripcion\":\"Router Huawei AR161\",\"cantidad\":\"1\",\"stock\":\"0\",\"precio\":\"150000\",\"total\":150000}]', 0, 270000, 270000, 150.00, '', '2025-03-07 23:47:59', '');

--
-- Índices para tablas volcadas
--

--
-- Indices de la tabla `categorias`
--
ALTER TABLE `categorias`
  ADD PRIMARY KEY (`id`);

--
-- Indices de la tabla `clientes`
--
ALTER TABLE `clientes`
  ADD PRIMARY KEY (`id`);

--
-- Indices de la tabla `productos`
--
ALTER TABLE `productos`
  ADD PRIMARY KEY (`id`);

--
-- Indices de la tabla `usuarios`
--
ALTER TABLE `usuarios`
  ADD PRIMARY KEY (`id`);

--
-- Indices de la tabla `ventas`
--
ALTER TABLE `ventas`
  ADD PRIMARY KEY (`id`);

--
-- AUTO_INCREMENT de las tablas volcadas
--

--
-- AUTO_INCREMENT de la tabla `categorias`
--
ALTER TABLE `categorias`
  MODIFY `id` int(11) NOT NULL AUTO_INCREMENT, AUTO_INCREMENT=13;

--
-- AUTO_INCREMENT de la tabla `clientes`
--
ALTER TABLE `clientes`
  MODIFY `id` int(11) NOT NULL AUTO_INCREMENT, AUTO_INCREMENT=16;

--
-- AUTO_INCREMENT de la tabla `productos`
--
ALTER TABLE `productos`
  MODIFY `id` int(11) NOT NULL AUTO_INCREMENT, AUTO_INCREMENT=809;

--
-- AUTO_INCREMENT de la tabla `usuarios`
--
ALTER TABLE `usuarios`
  MODIFY `id` int(11) NOT NULL AUTO_INCREMENT, AUTO_INCREMENT=68;

--
-- AUTO_INCREMENT de la tabla `ventas`
--
ALTER TABLE `ventas`
  MODIFY `id` int(11) NOT NULL AUTO_INCREMENT, AUTO_INCREMENT=145;
COMMIT;

/*!40101 SET CHARACTER_SET_CLIENT=@OLD_CHARACTER_SET_CLIENT */;
/*!40101 SET CHARACTER_SET_RESULTS=@OLD_CHARACTER_SET_RESULTS */;
/*!40101 SET COLLATION_CONNECTION=@OLD_COLLATION_CONNECTION */;
